,reserve,checkin,class_name,demand
0,2019-01-01,2019-01-31,C,26
1,2019-01-01,2019-01-31,B,8
2,2019-01-01,2019-01-31,A,6
3,2019-01-02,2019-01-31,C,29
4,2019-01-02,2019-01-31,B,13
5,2019-01-02,2019-01-31,A,6
6,2019-01-03,2019-01-31,C,20
7,2019-01-03,2019-01-31,B,19
8,2019-01-03,2019-01-31,A,9
9,2019-01-04,2019-01-31,C,15
10,2019-01-04,2019-01-31,B,12
11,2019-01-04,2019-01-31,A,3
12,2019-01-05,2019-01-31,C,28
13,2019-01-05,2019-01-31,B,10
14,2019-01-05,2019-01-31,A,6
15,2019-01-06,2019-01-31,C,0
16,2019-01-06,2019-01-31,B,0
17,2019-01-06,2019-01-31,A,1
18,2019-01-07,2019-01-31,C,0
19,2019-01-07,2019-01-31,B,0
20,2019-01-07,2019-01-31,A,0
21,2019-01-08,2019-01-31,C,19
22,2019-01-08,2019-01-31,B,13
23,2019-01-08,2019-01-31,A,6
24,2019-01-09,2019-01-31,C,17
25,2019-01-09,2019-01-31,B,13
26,2019-01-09,2019-01-31,A,5
27,2019-01-10,2019-01-31,C,25
28,2019-01-10,2019-01-31,B,8
29,2019-01-10,2019-01-31,A,5
30,2019-01-11,2019-01-31,C,20
31,2019-01-11,2019-01-31,B,7
32,2019-01-11,2019-01-31,A,4
33,2019-01-12,2019-01-31,C,30
34,2019-01-12,2019-01-31,B,12
35,2019-01-12,2019-01-31,A,9
36,2019-01-13,2019-01-31,C,4
37,2019-01-13,2019-01-31,B,2
38,2019-01-13,2019-01-31,A,0
39,2019-01-14,2019-01-31,C,0
40,2019-01-14,2019-01-31,B,0
41,2019-01-14,2019-01-31,A,0
42,2019-01-15,2019-01-31,C,14
43,2019-01-15,2019-01-31,B,12
44,2019-01-15,2019-01-31,A,5
45,2019-01-16,2019-01-31,C,22
46,2019-01-16,2019-01-31,B,10
47,2019-01-16,2019-01-31,A,4
48,2019-01-17,2019-01-31,C,24
49,2019-01-17,2019-01-31,B,28
50,2019-01-17,2019-01-31,A,5
51,2019-01-18,2019-01-31,C,21
52,2019-01-18,2019-01-31,B,8
53,2019-01-18,2019-01-31,A,5
54,2019-01-19,2019-01-31,C,30
55,2019-01-19,2019-01-31,B,20
56,2019-01-19,2019-01-31,A,6
57,2019-01-20,2019-01-31,C,0
58,2019-01-20,2019-01-31,B,3
59,2019-01-20,2019-01-31,A,0
60,2019-01-21,2019-01-31,C,0
61,2019-01-21,2019-01-31,B,0
62,2019-01-21,2019-01-31,A,0
63,2019-01-22,2019-01-31,C,18
64,2019-01-22,2019-01-31,B,17
65,2019-01-22,2019-01-31,A,6
66,2019-01-23,2019-01-31,C,30
67,2019-01-23,2019-01-31,B,7
68,2019-01-23,2019-01-31,A,5
69,2019-01-24,2019-01-31,C,17
70,2019-01-24,2019-01-31,B,10
71,2019-01-24,2019-01-31,A,6
72,2019-01-25,2019-01-31,C,15
73,2019-01-25,2019-01-31,B,6
74,2019-01-25,2019-01-31,A,4
75,2019-01-26,2019-01-31,C,34
76,2019-01-26,2019-01-31,B,15
77,2019-01-26,2019-01-31,A,10
78,2019-01-27,2019-01-31,C,6
79,2019-01-27,2019-01-31,B,3
80,2019-01-27,2019-01-31,A,0
81,2019-01-28,2019-01-31,C,0
82,2019-01-28,2019-01-31,B,0
83,2019-01-28,2019-01-31,A,0
84,2019-01-29,2019-01-31,C,21
85,2019-01-29,2019-01-31,B,6
86,2019-01-29,2019-01-31,A,5
87,2019-01-30,2019-01-31,C,23
88,2019-01-30,2019-01-31,B,14
89,2019-01-30,2019-01-31,A,12
90,2019-01-31,2019-01-31,C,25
91,2019-01-31,2019-01-31,B,16
92,2019-01-31,2019-01-31,A,7
93,2019-01-02,2019-02-01,C,20
94,2019-01-02,2019-02-01,B,16
95,2019-01-02,2019-02-01,A,5
96,2019-01-03,2019-02-01,C,27
97,2019-01-03,2019-02-01,B,8
98,2019-01-03,2019-02-01,A,7
99,2019-01-04,2019-02-01,C,24
100,2019-01-04,2019-02-01,B,6
101,2019-01-04,2019-02-01,A,4
102,2019-01-05,2019-02-01,C,36
103,2019-01-05,2019-02-01,B,13
104,2019-01-05,2019-02-01,A,5
105,2019-01-06,2019-02-01,C,4
106,2019-01-06,2019-02-01,B,3
107,2019-01-06,2019-02-01,A,1
108,2019-01-07,2019-02-01,C,0
109,2019-01-07,2019-02-01,B,0
110,2019-01-07,2019-02-01,A,0
111,2019-01-08,2019-02-01,C,22
112,2019-01-08,2019-02-01,B,3
113,2019-01-08,2019-02-01,A,6
114,2019-01-09,2019-02-01,C,23
115,2019-01-09,2019-02-01,B,17
116,2019-01-09,2019-02-01,A,6
117,2019-01-10,2019-02-01,C,23
118,2019-01-10,2019-02-01,B,10
119,2019-01-10,2019-02-01,A,5
120,2019-01-11,2019-02-01,C,22
121,2019-01-11,2019-02-01,B,9
122,2019-01-11,2019-02-01,A,8
123,2019-01-12,2019-02-01,C,25
124,2019-01-12,2019-02-01,B,9
125,2019-01-12,2019-02-01,A,6
126,2019-01-13,2019-02-01,C,2
127,2019-01-13,2019-02-01,B,1
128,2019-01-13,2019-02-01,A,1
129,2019-01-14,2019-02-01,C,0
130,2019-01-14,2019-02-01,B,0
131,2019-01-14,2019-02-01,A,0
132,2019-01-15,2019-02-01,C,15
133,2019-01-15,2019-02-01,B,13
134,2019-01-15,2019-02-01,A,5
135,2019-01-16,2019-02-01,C,22
136,2019-01-16,2019-02-01,B,11
137,2019-01-16,2019-02-01,A,9
138,2019-01-17,2019-02-01,C,30
139,2019-01-17,2019-02-01,B,8
140,2019-01-17,2019-02-01,A,5
141,2019-01-18,2019-02-01,C,21
142,2019-01-18,2019-02-01,B,6
143,2019-01-18,2019-02-01,A,5
144,2019-01-19,2019-02-01,C,24
145,2019-01-19,2019-02-01,B,15
146,2019-01-19,2019-02-01,A,8
147,2019-01-20,2019-02-01,C,6
148,2019-01-20,2019-02-01,B,2
149,2019-01-20,2019-02-01,A,1
150,2019-01-21,2019-02-01,C,0
151,2019-01-21,2019-02-01,B,0
152,2019-01-21,2019-02-01,A,0
153,2019-01-22,2019-02-01,C,20
154,2019-01-22,2019-02-01,B,6
155,2019-01-22,2019-02-01,A,3
156,2019-01-23,2019-02-01,C,21
157,2019-01-23,2019-02-01,B,15
158,2019-01-23,2019-02-01,A,4
159,2019-01-24,2019-02-01,C,25
160,2019-01-24,2019-02-01,B,9
161,2019-01-24,2019-02-01,A,4
162,2019-01-25,2019-02-01,C,25
163,2019-01-25,2019-02-01,B,9
164,2019-01-25,2019-02-01,A,4
165,2019-01-26,2019-02-01,C,35
166,2019-01-26,2019-02-01,B,19
167,2019-01-26,2019-02-01,A,10
168,2019-01-27,2019-02-01,C,9
169,2019-01-27,2019-02-01,B,1
170,2019-01-27,2019-02-01,A,0
171,2019-01-28,2019-02-01,C,0
172,2019-01-28,2019-02-01,B,0
173,2019-01-28,2019-02-01,A,0
174,2019-01-29,2019-02-01,C,13
175,2019-01-29,2019-02-01,B,8
176,2019-01-29,2019-02-01,A,4
177,2019-01-30,2019-02-01,C,31
178,2019-01-30,2019-02-01,B,14
179,2019-01-30,2019-02-01,A,7
180,2019-01-31,2019-02-01,C,21
181,2019-01-31,2019-02-01,B,12
182,2019-01-31,2019-02-01,A,6
183,2019-02-01,2019-02-01,C,22
184,2019-02-01,2019-02-01,B,10
185,2019-02-01,2019-02-01,A,4
186,2019-01-03,2019-02-02,C,28
187,2019-01-03,2019-02-02,B,16
188,2019-01-03,2019-02-02,A,10
189,2019-01-04,2019-02-02,C,15
190,2019-01-04,2019-02-02,B,12
191,2019-01-04,2019-02-02,A,6
192,2019-01-05,2019-02-02,C,29
193,2019-01-05,2019-02-02,B,15
194,2019-01-05,2019-02-02,A,8
195,2019-01-06,2019-02-02,C,1
196,2019-01-06,2019-02-02,B,2
197,2019-01-06,2019-02-02,A,1
198,2019-01-07,2019-02-02,C,0
199,2019-01-07,2019-02-02,B,0
200,2019-01-07,2019-02-02,A,0
201,2019-01-08,2019-02-02,C,24
202,2019-01-08,2019-02-02,B,7
203,2019-01-08,2019-02-02,A,4
204,2019-01-09,2019-02-02,C,25
205,2019-01-09,2019-02-02,B,12
206,2019-01-09,2019-02-02,A,9
207,2019-01-10,2019-02-02,C,31
208,2019-01-10,2019-02-02,B,9
209,2019-01-10,2019-02-02,A,7
210,2019-01-11,2019-02-02,C,24
211,2019-01-11,2019-02-02,B,12
212,2019-01-11,2019-02-02,A,4
213,2019-01-12,2019-02-02,C,40
214,2019-01-12,2019-02-02,B,22
215,2019-01-12,2019-02-02,A,10
216,2019-01-13,2019-02-02,C,1
217,2019-01-13,2019-02-02,B,3
218,2019-01-13,2019-02-02,A,1
219,2019-01-14,2019-02-02,C,0
220,2019-01-14,2019-02-02,B,0
221,2019-01-14,2019-02-02,A,0
222,2019-01-15,2019-02-02,C,20
223,2019-01-15,2019-02-02,B,13
224,2019-01-15,2019-02-02,A,4
225,2019-01-16,2019-02-02,C,19
226,2019-01-16,2019-02-02,B,13
227,2019-01-16,2019-02-02,A,2
228,2019-01-17,2019-02-02,C,24
229,2019-01-17,2019-02-02,B,15
230,2019-01-17,2019-02-02,A,9
231,2019-01-18,2019-02-02,C,14
232,2019-01-18,2019-02-02,B,13
233,2019-01-18,2019-02-02,A,3
234,2019-01-19,2019-02-02,C,26
235,2019-01-19,2019-02-02,B,11
236,2019-01-19,2019-02-02,A,7
237,2019-01-20,2019-02-02,C,6
238,2019-01-20,2019-02-02,B,1
239,2019-01-20,2019-02-02,A,0
240,2019-01-21,2019-02-02,C,0
241,2019-01-21,2019-02-02,B,0
242,2019-01-21,2019-02-02,A,0
243,2019-01-22,2019-02-02,C,24
244,2019-01-22,2019-02-02,B,10
245,2019-01-22,2019-02-02,A,4
246,2019-01-23,2019-02-02,C,20
247,2019-01-23,2019-02-02,B,11
248,2019-01-23,2019-02-02,A,6
249,2019-01-24,2019-02-02,C,27
250,2019-01-24,2019-02-02,B,8
251,2019-01-24,2019-02-02,A,11
252,2019-01-25,2019-02-02,C,13
253,2019-01-25,2019-02-02,B,9
254,2019-01-25,2019-02-02,A,4
255,2019-01-26,2019-02-02,C,31
256,2019-01-26,2019-02-02,B,5
257,2019-01-26,2019-02-02,A,7
258,2019-01-27,2019-02-02,C,6
259,2019-01-27,2019-02-02,B,0
260,2019-01-27,2019-02-02,A,0
261,2019-01-28,2019-02-02,C,0
262,2019-01-28,2019-02-02,B,0
263,2019-01-28,2019-02-02,A,0
264,2019-01-29,2019-02-02,C,20
265,2019-01-29,2019-02-02,B,9
266,2019-01-29,2019-02-02,A,5
267,2019-01-30,2019-02-02,C,30
268,2019-01-30,2019-02-02,B,4
269,2019-01-30,2019-02-02,A,5
270,2019-01-31,2019-02-02,C,33
271,2019-01-31,2019-02-02,B,17
272,2019-01-31,2019-02-02,A,3
273,2019-02-01,2019-02-02,C,21
274,2019-02-01,2019-02-02,B,8
275,2019-02-01,2019-02-02,A,6
276,2019-02-02,2019-02-02,C,21
277,2019-02-02,2019-02-02,B,12
278,2019-02-02,2019-02-02,A,6
279,2019-01-04,2019-02-03,C,18
280,2019-01-04,2019-02-03,B,8
281,2019-01-04,2019-02-03,A,5
282,2019-01-05,2019-02-03,C,33
283,2019-01-05,2019-02-03,B,19
284,2019-01-05,2019-02-03,A,4
285,2019-01-06,2019-02-03,C,4
286,2019-01-06,2019-02-03,B,2
287,2019-01-06,2019-02-03,A,0
288,2019-01-07,2019-02-03,C,0
289,2019-01-07,2019-02-03,B,0
290,2019-01-07,2019-02-03,A,0
291,2019-01-08,2019-02-03,C,16
292,2019-01-08,2019-02-03,B,5
293,2019-01-08,2019-02-03,A,7
294,2019-01-09,2019-02-03,C,28
295,2019-01-09,2019-02-03,B,13
296,2019-01-09,2019-02-03,A,4
297,2019-01-10,2019-02-03,C,29
298,2019-01-10,2019-02-03,B,7
299,2019-01-10,2019-02-03,A,7
300,2019-01-11,2019-02-03,C,13
301,2019-01-11,2019-02-03,B,11
302,2019-01-11,2019-02-03,A,2
303,2019-01-12,2019-02-03,C,33
304,2019-01-12,2019-02-03,B,13
305,2019-01-12,2019-02-03,A,3
306,2019-01-13,2019-02-03,C,3
307,2019-01-13,2019-02-03,B,4
308,2019-01-13,2019-02-03,A,0
309,2019-01-14,2019-02-03,C,0
310,2019-01-14,2019-02-03,B,0
311,2019-01-14,2019-02-03,A,0
312,2019-01-15,2019-02-03,C,22
313,2019-01-15,2019-02-03,B,10
314,2019-01-15,2019-02-03,A,4
315,2019-01-16,2019-02-03,C,23
316,2019-01-16,2019-02-03,B,14
317,2019-01-16,2019-02-03,A,5
318,2019-01-17,2019-02-03,C,19
319,2019-01-17,2019-02-03,B,20
320,2019-01-17,2019-02-03,A,12
321,2019-01-18,2019-02-03,C,15
322,2019-01-18,2019-02-03,B,11
323,2019-01-18,2019-02-03,A,3
324,2019-01-19,2019-02-03,C,24
325,2019-01-19,2019-02-03,B,15
326,2019-01-19,2019-02-03,A,6
327,2019-01-20,2019-02-03,C,2
328,2019-01-20,2019-02-03,B,0
329,2019-01-20,2019-02-03,A,0
330,2019-01-21,2019-02-03,C,0
331,2019-01-21,2019-02-03,B,0
332,2019-01-21,2019-02-03,A,0
333,2019-01-22,2019-02-03,C,25
334,2019-01-22,2019-02-03,B,8
335,2019-01-22,2019-02-03,A,1
336,2019-01-23,2019-02-03,C,25
337,2019-01-23,2019-02-03,B,16
338,2019-01-23,2019-02-03,A,6
339,2019-01-24,2019-02-03,C,33
340,2019-01-24,2019-02-03,B,11
341,2019-01-24,2019-02-03,A,6
342,2019-01-25,2019-02-03,C,18
343,2019-01-25,2019-02-03,B,2
344,2019-01-25,2019-02-03,A,5
345,2019-01-26,2019-02-03,C,31
346,2019-01-26,2019-02-03,B,17
347,2019-01-26,2019-02-03,A,10
348,2019-01-27,2019-02-03,C,6
349,2019-01-27,2019-02-03,B,1
350,2019-01-27,2019-02-03,A,1
351,2019-01-28,2019-02-03,C,0
352,2019-01-28,2019-02-03,B,0
353,2019-01-28,2019-02-03,A,0
354,2019-01-29,2019-02-03,C,15
355,2019-01-29,2019-02-03,B,11
356,2019-01-29,2019-02-03,A,8
357,2019-01-30,2019-02-03,C,27
358,2019-01-30,2019-02-03,B,10
359,2019-01-30,2019-02-03,A,9
360,2019-01-31,2019-02-03,C,30
361,2019-01-31,2019-02-03,B,5
362,2019-01-31,2019-02-03,A,8
363,2019-02-01,2019-02-03,C,17
364,2019-02-01,2019-02-03,B,11
365,2019-02-01,2019-02-03,A,4
366,2019-02-02,2019-02-03,C,30
367,2019-02-02,2019-02-03,B,15
368,2019-02-02,2019-02-03,A,9
369,2019-02-03,2019-02-03,C,4
370,2019-02-03,2019-02-03,B,0
371,2019-02-03,2019-02-03,A,1
372,2019-01-05,2019-02-04,C,33
373,2019-01-05,2019-02-04,B,11
374,2019-01-05,2019-02-04,A,5
375,2019-01-06,2019-02-04,C,4
376,2019-01-06,2019-02-04,B,4
377,2019-01-06,2019-02-04,A,1
378,2019-01-07,2019-02-04,C,0
379,2019-01-07,2019-02-04,B,0
380,2019-01-07,2019-02-04,A,0
381,2019-01-08,2019-02-04,C,12
382,2019-01-08,2019-02-04,B,9
383,2019-01-08,2019-02-04,A,5
384,2019-01-09,2019-02-04,C,14
385,2019-01-09,2019-02-04,B,18
386,2019-01-09,2019-02-04,A,4
387,2019-01-10,2019-02-04,C,33
388,2019-01-10,2019-02-04,B,14
389,2019-01-10,2019-02-04,A,9
390,2019-01-11,2019-02-04,C,12
391,2019-01-11,2019-02-04,B,16
392,2019-01-11,2019-02-04,A,5
393,2019-01-12,2019-02-04,C,29
394,2019-01-12,2019-02-04,B,18
395,2019-01-12,2019-02-04,A,10
396,2019-01-13,2019-02-04,C,4
397,2019-01-13,2019-02-04,B,1
398,2019-01-13,2019-02-04,A,0
399,2019-01-14,2019-02-04,C,0
400,2019-01-14,2019-02-04,B,0
401,2019-01-14,2019-02-04,A,0
402,2019-01-15,2019-02-04,C,17
403,2019-01-15,2019-02-04,B,11
404,2019-01-15,2019-02-04,A,5
405,2019-01-16,2019-02-04,C,18
406,2019-01-16,2019-02-04,B,12
407,2019-01-16,2019-02-04,A,4
408,2019-01-17,2019-02-04,C,17
409,2019-01-17,2019-02-04,B,10
410,2019-01-17,2019-02-04,A,7
411,2019-01-18,2019-02-04,C,13
412,2019-01-18,2019-02-04,B,4
413,2019-01-18,2019-02-04,A,6
414,2019-01-19,2019-02-04,C,29
415,2019-01-19,2019-02-04,B,10
416,2019-01-19,2019-02-04,A,7
417,2019-01-20,2019-02-04,C,9
418,2019-01-20,2019-02-04,B,3
419,2019-01-20,2019-02-04,A,1
420,2019-01-21,2019-02-04,C,0
421,2019-01-21,2019-02-04,B,0
422,2019-01-21,2019-02-04,A,0
423,2019-01-22,2019-02-04,C,16
424,2019-01-22,2019-02-04,B,5
425,2019-01-22,2019-02-04,A,7
426,2019-01-23,2019-02-04,C,30
427,2019-01-23,2019-02-04,B,13
428,2019-01-23,2019-02-04,A,9
429,2019-01-24,2019-02-04,C,26
430,2019-01-24,2019-02-04,B,13
431,2019-01-24,2019-02-04,A,6
432,2019-01-25,2019-02-04,C,18
433,2019-01-25,2019-02-04,B,10
434,2019-01-25,2019-02-04,A,8
435,2019-01-26,2019-02-04,C,41
436,2019-01-26,2019-02-04,B,12
437,2019-01-26,2019-02-04,A,6
438,2019-01-27,2019-02-04,C,2
439,2019-01-27,2019-02-04,B,4
440,2019-01-27,2019-02-04,A,2
441,2019-01-28,2019-02-04,C,0
442,2019-01-28,2019-02-04,B,0
443,2019-01-28,2019-02-04,A,0
444,2019-01-29,2019-02-04,C,23
445,2019-01-29,2019-02-04,B,11
446,2019-01-29,2019-02-04,A,6
447,2019-01-30,2019-02-04,C,29
448,2019-01-30,2019-02-04,B,17
449,2019-01-30,2019-02-04,A,8
450,2019-01-31,2019-02-04,C,27
451,2019-01-31,2019-02-04,B,15
452,2019-01-31,2019-02-04,A,10
453,2019-02-01,2019-02-04,C,14
454,2019-02-01,2019-02-04,B,5
455,2019-02-01,2019-02-04,A,5
456,2019-02-02,2019-02-04,C,40
457,2019-02-02,2019-02-04,B,12
458,2019-02-02,2019-02-04,A,5
459,2019-02-03,2019-02-04,C,0
460,2019-02-03,2019-02-04,B,0
461,2019-02-03,2019-02-04,A,1
462,2019-02-04,2019-02-04,C,0
463,2019-02-04,2019-02-04,B,0
464,2019-02-04,2019-02-04,A,0
465,2019-01-06,2019-02-05,C,8
466,2019-01-06,2019-02-05,B,3
467,2019-01-06,2019-02-05,A,1
468,2019-01-07,2019-02-05,C,0
469,2019-01-07,2019-02-05,B,0
470,2019-01-07,2019-02-05,A,0
471,2019-01-08,2019-02-05,C,22
472,2019-01-08,2019-02-05,B,6
473,2019-01-08,2019-02-05,A,5
474,2019-01-09,2019-02-05,C,17
475,2019-01-09,2019-02-05,B,5
476,2019-01-09,2019-02-05,A,5
477,2019-01-10,2019-02-05,C,25
478,2019-01-10,2019-02-05,B,10
479,2019-01-10,2019-02-05,A,8
480,2019-01-11,2019-02-05,C,12
481,2019-01-11,2019-02-05,B,8
482,2019-01-11,2019-02-05,A,3
483,2019-01-12,2019-02-05,C,34
484,2019-01-12,2019-02-05,B,14
485,2019-01-12,2019-02-05,A,9
486,2019-01-13,2019-02-05,C,1
487,2019-01-13,2019-02-05,B,5
488,2019-01-13,2019-02-05,A,1
489,2019-01-14,2019-02-05,C,0
490,2019-01-14,2019-02-05,B,0
491,2019-01-14,2019-02-05,A,0
492,2019-01-15,2019-02-05,C,19
493,2019-01-15,2019-02-05,B,3
494,2019-01-15,2019-02-05,A,1
495,2019-01-16,2019-02-05,C,29
496,2019-01-16,2019-02-05,B,21
497,2019-01-16,2019-02-05,A,7
498,2019-01-17,2019-02-05,C,23
499,2019-01-17,2019-02-05,B,9
500,2019-01-17,2019-02-05,A,10
501,2019-01-18,2019-02-05,C,10
502,2019-01-18,2019-02-05,B,10
503,2019-01-18,2019-02-05,A,3
504,2019-01-19,2019-02-05,C,31
505,2019-01-19,2019-02-05,B,21
506,2019-01-19,2019-02-05,A,13
507,2019-01-20,2019-02-05,C,4
508,2019-01-20,2019-02-05,B,2
509,2019-01-20,2019-02-05,A,0
510,2019-01-21,2019-02-05,C,0
511,2019-01-21,2019-02-05,B,0
512,2019-01-21,2019-02-05,A,0
513,2019-01-22,2019-02-05,C,19
514,2019-01-22,2019-02-05,B,15
515,2019-01-22,2019-02-05,A,5
516,2019-01-23,2019-02-05,C,26
517,2019-01-23,2019-02-05,B,9
518,2019-01-23,2019-02-05,A,6
519,2019-01-24,2019-02-05,C,40
520,2019-01-24,2019-02-05,B,9
521,2019-01-24,2019-02-05,A,5
522,2019-01-25,2019-02-05,C,23
523,2019-01-25,2019-02-05,B,6
524,2019-01-25,2019-02-05,A,2
525,2019-01-26,2019-02-05,C,26
526,2019-01-26,2019-02-05,B,16
527,2019-01-26,2019-02-05,A,6
528,2019-01-27,2019-02-05,C,3
529,2019-01-27,2019-02-05,B,1
530,2019-01-27,2019-02-05,A,2
531,2019-01-28,2019-02-05,C,0
532,2019-01-28,2019-02-05,B,0
533,2019-01-28,2019-02-05,A,0
534,2019-01-29,2019-02-05,C,10
535,2019-01-29,2019-02-05,B,11
536,2019-01-29,2019-02-05,A,6
537,2019-01-30,2019-02-05,C,23
538,2019-01-30,2019-02-05,B,11
539,2019-01-30,2019-02-05,A,8
540,2019-01-31,2019-02-05,C,31
541,2019-01-31,2019-02-05,B,12
542,2019-01-31,2019-02-05,A,6
543,2019-02-01,2019-02-05,C,19
544,2019-02-01,2019-02-05,B,5
545,2019-02-01,2019-02-05,A,5
546,2019-02-02,2019-02-05,C,31
547,2019-02-02,2019-02-05,B,15
548,2019-02-02,2019-02-05,A,9
549,2019-02-03,2019-02-05,C,1
550,2019-02-03,2019-02-05,B,3
551,2019-02-03,2019-02-05,A,1
552,2019-02-04,2019-02-05,C,0
553,2019-02-04,2019-02-05,B,0
554,2019-02-04,2019-02-05,A,0
555,2019-02-05,2019-02-05,C,19
556,2019-02-05,2019-02-05,B,9
557,2019-02-05,2019-02-05,A,3
558,2019-01-07,2019-02-06,C,0
559,2019-01-07,2019-02-06,B,0
560,2019-01-07,2019-02-06,A,0
561,2019-01-08,2019-02-06,C,19
562,2019-01-08,2019-02-06,B,9
563,2019-01-08,2019-02-06,A,6
564,2019-01-09,2019-02-06,C,24
565,2019-01-09,2019-02-06,B,10
566,2019-01-09,2019-02-06,A,6
567,2019-01-10,2019-02-06,C,32
568,2019-01-10,2019-02-06,B,15
569,2019-01-10,2019-02-06,A,7
570,2019-01-11,2019-02-06,C,25
571,2019-01-11,2019-02-06,B,7
572,2019-01-11,2019-02-06,A,4
573,2019-01-12,2019-02-06,C,35
574,2019-01-12,2019-02-06,B,19
575,2019-01-12,2019-02-06,A,3
576,2019-01-13,2019-02-06,C,3
577,2019-01-13,2019-02-06,B,4
578,2019-01-13,2019-02-06,A,1
579,2019-01-14,2019-02-06,C,0
580,2019-01-14,2019-02-06,B,0
581,2019-01-14,2019-02-06,A,0
582,2019-01-15,2019-02-06,C,18
583,2019-01-15,2019-02-06,B,8
584,2019-01-15,2019-02-06,A,5
585,2019-01-16,2019-02-06,C,24
586,2019-01-16,2019-02-06,B,5
587,2019-01-16,2019-02-06,A,7
588,2019-01-17,2019-02-06,C,27
589,2019-01-17,2019-02-06,B,6
590,2019-01-17,2019-02-06,A,10
591,2019-01-18,2019-02-06,C,22
592,2019-01-18,2019-02-06,B,12
593,2019-01-18,2019-02-06,A,4
594,2019-01-19,2019-02-06,C,37
595,2019-01-19,2019-02-06,B,12
596,2019-01-19,2019-02-06,A,6
597,2019-01-20,2019-02-06,C,5
598,2019-01-20,2019-02-06,B,2
599,2019-01-20,2019-02-06,A,1
600,2019-01-21,2019-02-06,C,0
601,2019-01-21,2019-02-06,B,0
602,2019-01-21,2019-02-06,A,0
603,2019-01-22,2019-02-06,C,17
604,2019-01-22,2019-02-06,B,13
605,2019-01-22,2019-02-06,A,8
606,2019-01-23,2019-02-06,C,36
607,2019-01-23,2019-02-06,B,18
608,2019-01-23,2019-02-06,A,4
609,2019-01-24,2019-02-06,C,22
610,2019-01-24,2019-02-06,B,12
611,2019-01-24,2019-02-06,A,4
612,2019-01-25,2019-02-06,C,16
613,2019-01-25,2019-02-06,B,7
614,2019-01-25,2019-02-06,A,4
615,2019-01-26,2019-02-06,C,22
616,2019-01-26,2019-02-06,B,16
617,2019-01-26,2019-02-06,A,3
618,2019-01-27,2019-02-06,C,2
619,2019-01-27,2019-02-06,B,1
620,2019-01-27,2019-02-06,A,0
621,2019-01-28,2019-02-06,C,0
622,2019-01-28,2019-02-06,B,0
623,2019-01-28,2019-02-06,A,0
624,2019-01-29,2019-02-06,C,24
625,2019-01-29,2019-02-06,B,13
626,2019-01-29,2019-02-06,A,5
627,2019-01-30,2019-02-06,C,22
628,2019-01-30,2019-02-06,B,7
629,2019-01-30,2019-02-06,A,3
630,2019-01-31,2019-02-06,C,30
631,2019-01-31,2019-02-06,B,16
632,2019-01-31,2019-02-06,A,4
633,2019-02-01,2019-02-06,C,21
634,2019-02-01,2019-02-06,B,8
635,2019-02-01,2019-02-06,A,7
636,2019-02-02,2019-02-06,C,28
637,2019-02-02,2019-02-06,B,16
638,2019-02-02,2019-02-06,A,6
639,2019-02-03,2019-02-06,C,4
640,2019-02-03,2019-02-06,B,1
641,2019-02-03,2019-02-06,A,1
642,2019-02-04,2019-02-06,C,0
643,2019-02-04,2019-02-06,B,0
644,2019-02-04,2019-02-06,A,0
645,2019-02-05,2019-02-06,C,17
646,2019-02-05,2019-02-06,B,9
647,2019-02-05,2019-02-06,A,6
648,2019-02-06,2019-02-06,C,26
649,2019-02-06,2019-02-06,B,13
650,2019-02-06,2019-02-06,A,6
651,2019-01-08,2019-02-07,C,18
652,2019-01-08,2019-02-07,B,13
653,2019-01-08,2019-02-07,A,3
654,2019-01-09,2019-02-07,C,25
655,2019-01-09,2019-02-07,B,9
656,2019-01-09,2019-02-07,A,9
657,2019-01-10,2019-02-07,C,25
658,2019-01-10,2019-02-07,B,16
659,2019-01-10,2019-02-07,A,8
660,2019-01-11,2019-02-07,C,19
661,2019-01-11,2019-02-07,B,5
662,2019-01-11,2019-02-07,A,6
663,2019-01-12,2019-02-07,C,29
664,2019-01-12,2019-02-07,B,25
665,2019-01-12,2019-02-07,A,5
666,2019-01-13,2019-02-07,C,3
667,2019-01-13,2019-02-07,B,2
668,2019-01-13,2019-02-07,A,0
669,2019-01-14,2019-02-07,C,0
670,2019-01-14,2019-02-07,B,0
671,2019-01-14,2019-02-07,A,0
672,2019-01-15,2019-02-07,C,18
673,2019-01-15,2019-02-07,B,9
674,2019-01-15,2019-02-07,A,7
675,2019-01-16,2019-02-07,C,27
676,2019-01-16,2019-02-07,B,15
677,2019-01-16,2019-02-07,A,6
678,2019-01-17,2019-02-07,C,25
679,2019-01-17,2019-02-07,B,14
680,2019-01-17,2019-02-07,A,6
681,2019-01-18,2019-02-07,C,21
682,2019-01-18,2019-02-07,B,15
683,2019-01-18,2019-02-07,A,5
684,2019-01-19,2019-02-07,C,23
685,2019-01-19,2019-02-07,B,19
686,2019-01-19,2019-02-07,A,11
687,2019-01-20,2019-02-07,C,4
688,2019-01-20,2019-02-07,B,1
689,2019-01-20,2019-02-07,A,1
690,2019-01-21,2019-02-07,C,0
691,2019-01-21,2019-02-07,B,0
692,2019-01-21,2019-02-07,A,0
693,2019-01-22,2019-02-07,C,26
694,2019-01-22,2019-02-07,B,11
695,2019-01-22,2019-02-07,A,3
696,2019-01-23,2019-02-07,C,29
697,2019-01-23,2019-02-07,B,10
698,2019-01-23,2019-02-07,A,3
699,2019-01-24,2019-02-07,C,33
700,2019-01-24,2019-02-07,B,10
701,2019-01-24,2019-02-07,A,6
702,2019-01-25,2019-02-07,C,16
703,2019-01-25,2019-02-07,B,8
704,2019-01-25,2019-02-07,A,3
705,2019-01-26,2019-02-07,C,24
706,2019-01-26,2019-02-07,B,14
707,2019-01-26,2019-02-07,A,10
708,2019-01-27,2019-02-07,C,2
709,2019-01-27,2019-02-07,B,3
710,2019-01-27,2019-02-07,A,0
711,2019-01-28,2019-02-07,C,0
712,2019-01-28,2019-02-07,B,0
713,2019-01-28,2019-02-07,A,0
714,2019-01-29,2019-02-07,C,23
715,2019-01-29,2019-02-07,B,5
716,2019-01-29,2019-02-07,A,5
717,2019-01-30,2019-02-07,C,19
718,2019-01-30,2019-02-07,B,14
719,2019-01-30,2019-02-07,A,6
720,2019-01-31,2019-02-07,C,30
721,2019-01-31,2019-02-07,B,8
722,2019-01-31,2019-02-07,A,6
723,2019-02-01,2019-02-07,C,19
724,2019-02-01,2019-02-07,B,8
725,2019-02-01,2019-02-07,A,3
726,2019-02-02,2019-02-07,C,28
727,2019-02-02,2019-02-07,B,14
728,2019-02-02,2019-02-07,A,11
729,2019-02-03,2019-02-07,C,7
730,2019-02-03,2019-02-07,B,0
731,2019-02-03,2019-02-07,A,0
732,2019-02-04,2019-02-07,C,0
733,2019-02-04,2019-02-07,B,0
734,2019-02-04,2019-02-07,A,0
735,2019-02-05,2019-02-07,C,22
736,2019-02-05,2019-02-07,B,11
737,2019-02-05,2019-02-07,A,4
738,2019-02-06,2019-02-07,C,17
739,2019-02-06,2019-02-07,B,15
740,2019-02-06,2019-02-07,A,6
741,2019-02-07,2019-02-07,C,20
742,2019-02-07,2019-02-07,B,8
743,2019-02-07,2019-02-07,A,6
744,2019-01-09,2019-02-08,C,23
745,2019-01-09,2019-02-08,B,9
746,2019-01-09,2019-02-08,A,12
747,2019-01-10,2019-02-08,C,26
748,2019-01-10,2019-02-08,B,8
749,2019-01-10,2019-02-08,A,5
750,2019-01-11,2019-02-08,C,17
751,2019-01-11,2019-02-08,B,8
752,2019-01-11,2019-02-08,A,3
753,2019-01-12,2019-02-08,C,32
754,2019-01-12,2019-02-08,B,10
755,2019-01-12,2019-02-08,A,6
756,2019-01-13,2019-02-08,C,3
757,2019-01-13,2019-02-08,B,4
758,2019-01-13,2019-02-08,A,0
759,2019-01-14,2019-02-08,C,0
760,2019-01-14,2019-02-08,B,0
761,2019-01-14,2019-02-08,A,0
762,2019-01-15,2019-02-08,C,17
763,2019-01-15,2019-02-08,B,13
764,2019-01-15,2019-02-08,A,2
765,2019-01-16,2019-02-08,C,21
766,2019-01-16,2019-02-08,B,16
767,2019-01-16,2019-02-08,A,5
768,2019-01-17,2019-02-08,C,22
769,2019-01-17,2019-02-08,B,16
770,2019-01-17,2019-02-08,A,3
771,2019-01-18,2019-02-08,C,11
772,2019-01-18,2019-02-08,B,8
773,2019-01-18,2019-02-08,A,6
774,2019-01-19,2019-02-08,C,30
775,2019-01-19,2019-02-08,B,14
776,2019-01-19,2019-02-08,A,8
777,2019-01-20,2019-02-08,C,1
778,2019-01-20,2019-02-08,B,0
779,2019-01-20,2019-02-08,A,2
780,2019-01-21,2019-02-08,C,0
781,2019-01-21,2019-02-08,B,0
782,2019-01-21,2019-02-08,A,0
783,2019-01-22,2019-02-08,C,14
784,2019-01-22,2019-02-08,B,19
785,2019-01-22,2019-02-08,A,3
786,2019-01-23,2019-02-08,C,32
787,2019-01-23,2019-02-08,B,12
788,2019-01-23,2019-02-08,A,4
789,2019-01-24,2019-02-08,C,33
790,2019-01-24,2019-02-08,B,16
791,2019-01-24,2019-02-08,A,6
792,2019-01-25,2019-02-08,C,20
793,2019-01-25,2019-02-08,B,10
794,2019-01-25,2019-02-08,A,1
795,2019-01-26,2019-02-08,C,33
796,2019-01-26,2019-02-08,B,14
797,2019-01-26,2019-02-08,A,14
798,2019-01-27,2019-02-08,C,1
799,2019-01-27,2019-02-08,B,1
800,2019-01-27,2019-02-08,A,1
801,2019-01-28,2019-02-08,C,0
802,2019-01-28,2019-02-08,B,0
803,2019-01-28,2019-02-08,A,0
804,2019-01-29,2019-02-08,C,17
805,2019-01-29,2019-02-08,B,11
806,2019-01-29,2019-02-08,A,6
807,2019-01-30,2019-02-08,C,27
808,2019-01-30,2019-02-08,B,14
809,2019-01-30,2019-02-08,A,10
810,2019-01-31,2019-02-08,C,25
811,2019-01-31,2019-02-08,B,16
812,2019-01-31,2019-02-08,A,6
813,2019-02-01,2019-02-08,C,23
814,2019-02-01,2019-02-08,B,10
815,2019-02-01,2019-02-08,A,6
816,2019-02-02,2019-02-08,C,31
817,2019-02-02,2019-02-08,B,17
818,2019-02-02,2019-02-08,A,6
819,2019-02-03,2019-02-08,C,8
820,2019-02-03,2019-02-08,B,2
821,2019-02-03,2019-02-08,A,2
822,2019-02-04,2019-02-08,C,0
823,2019-02-04,2019-02-08,B,0
824,2019-02-04,2019-02-08,A,0
825,2019-02-05,2019-02-08,C,22
826,2019-02-05,2019-02-08,B,9
827,2019-02-05,2019-02-08,A,5
828,2019-02-06,2019-02-08,C,23
829,2019-02-06,2019-02-08,B,6
830,2019-02-06,2019-02-08,A,6
831,2019-02-07,2019-02-08,C,26
832,2019-02-07,2019-02-08,B,13
833,2019-02-07,2019-02-08,A,5
834,2019-02-08,2019-02-08,C,15
835,2019-02-08,2019-02-08,B,5
836,2019-02-08,2019-02-08,A,5
837,2019-01-10,2019-02-09,C,23
838,2019-01-10,2019-02-09,B,10
839,2019-01-10,2019-02-09,A,5
840,2019-01-11,2019-02-09,C,18
841,2019-01-11,2019-02-09,B,16
842,2019-01-11,2019-02-09,A,3
843,2019-01-12,2019-02-09,C,33
844,2019-01-12,2019-02-09,B,18
845,2019-01-12,2019-02-09,A,12
846,2019-01-13,2019-02-09,C,3
847,2019-01-13,2019-02-09,B,1
848,2019-01-13,2019-02-09,A,0
849,2019-01-14,2019-02-09,C,0
850,2019-01-14,2019-02-09,B,0
851,2019-01-14,2019-02-09,A,0
852,2019-01-15,2019-02-09,C,26
853,2019-01-15,2019-02-09,B,18
854,2019-01-15,2019-02-09,A,4
855,2019-01-16,2019-02-09,C,27
856,2019-01-16,2019-02-09,B,14
857,2019-01-16,2019-02-09,A,6
858,2019-01-17,2019-02-09,C,20
859,2019-01-17,2019-02-09,B,12
860,2019-01-17,2019-02-09,A,3
861,2019-01-18,2019-02-09,C,20
862,2019-01-18,2019-02-09,B,8
863,2019-01-18,2019-02-09,A,4
864,2019-01-19,2019-02-09,C,28
865,2019-01-19,2019-02-09,B,16
866,2019-01-19,2019-02-09,A,7
867,2019-01-20,2019-02-09,C,4
868,2019-01-20,2019-02-09,B,2
869,2019-01-20,2019-02-09,A,3
870,2019-01-21,2019-02-09,C,0
871,2019-01-21,2019-02-09,B,0
872,2019-01-21,2019-02-09,A,0
873,2019-01-22,2019-02-09,C,17
874,2019-01-22,2019-02-09,B,6
875,2019-01-22,2019-02-09,A,7
876,2019-01-23,2019-02-09,C,23
877,2019-01-23,2019-02-09,B,11
878,2019-01-23,2019-02-09,A,8
879,2019-01-24,2019-02-09,C,35
880,2019-01-24,2019-02-09,B,19
881,2019-01-24,2019-02-09,A,7
882,2019-01-25,2019-02-09,C,22
883,2019-01-25,2019-02-09,B,13
884,2019-01-25,2019-02-09,A,3
885,2019-01-26,2019-02-09,C,33
886,2019-01-26,2019-02-09,B,14
887,2019-01-26,2019-02-09,A,7
888,2019-01-27,2019-02-09,C,2
889,2019-01-27,2019-02-09,B,1
890,2019-01-27,2019-02-09,A,0
891,2019-01-28,2019-02-09,C,0
892,2019-01-28,2019-02-09,B,0
893,2019-01-28,2019-02-09,A,0
894,2019-01-29,2019-02-09,C,17
895,2019-01-29,2019-02-09,B,7
896,2019-01-29,2019-02-09,A,5
897,2019-01-30,2019-02-09,C,22
898,2019-01-30,2019-02-09,B,16
899,2019-01-30,2019-02-09,A,7
900,2019-01-31,2019-02-09,C,35
901,2019-01-31,2019-02-09,B,12
902,2019-01-31,2019-02-09,A,7
903,2019-02-01,2019-02-09,C,28
904,2019-02-01,2019-02-09,B,9
905,2019-02-01,2019-02-09,A,3
906,2019-02-02,2019-02-09,C,34
907,2019-02-02,2019-02-09,B,11
908,2019-02-02,2019-02-09,A,8
909,2019-02-03,2019-02-09,C,4
910,2019-02-03,2019-02-09,B,0
911,2019-02-03,2019-02-09,A,1
912,2019-02-04,2019-02-09,C,0
913,2019-02-04,2019-02-09,B,0
914,2019-02-04,2019-02-09,A,0
915,2019-02-05,2019-02-09,C,29
916,2019-02-05,2019-02-09,B,10
917,2019-02-05,2019-02-09,A,1
918,2019-02-06,2019-02-09,C,24
919,2019-02-06,2019-02-09,B,12
920,2019-02-06,2019-02-09,A,6
921,2019-02-07,2019-02-09,C,33
922,2019-02-07,2019-02-09,B,9
923,2019-02-07,2019-02-09,A,4
924,2019-02-08,2019-02-09,C,26
925,2019-02-08,2019-02-09,B,10
926,2019-02-08,2019-02-09,A,3
927,2019-02-09,2019-02-09,C,23
928,2019-02-09,2019-02-09,B,12
929,2019-02-09,2019-02-09,A,6
930,2019-01-11,2019-02-10,C,24
931,2019-01-11,2019-02-10,B,17
932,2019-01-11,2019-02-10,A,4
933,2019-01-12,2019-02-10,C,24
934,2019-01-12,2019-02-10,B,20
935,2019-01-12,2019-02-10,A,5
936,2019-01-13,2019-02-10,C,3
937,2019-01-13,2019-02-10,B,4
938,2019-01-13,2019-02-10,A,1
939,2019-01-14,2019-02-10,C,0
940,2019-01-14,2019-02-10,B,0
941,2019-01-14,2019-02-10,A,0
942,2019-01-15,2019-02-10,C,19
943,2019-01-15,2019-02-10,B,8
944,2019-01-15,2019-02-10,A,5
945,2019-01-16,2019-02-10,C,20
946,2019-01-16,2019-02-10,B,16
947,2019-01-16,2019-02-10,A,10
948,2019-01-17,2019-02-10,C,26
949,2019-01-17,2019-02-10,B,17
950,2019-01-17,2019-02-10,A,8
951,2019-01-18,2019-02-10,C,18
952,2019-01-18,2019-02-10,B,6
953,2019-01-18,2019-02-10,A,0
954,2019-01-19,2019-02-10,C,25
955,2019-01-19,2019-02-10,B,8
956,2019-01-19,2019-02-10,A,12
957,2019-01-20,2019-02-10,C,3
958,2019-01-20,2019-02-10,B,2
959,2019-01-20,2019-02-10,A,2
960,2019-01-21,2019-02-10,C,0
961,2019-01-21,2019-02-10,B,0
962,2019-01-21,2019-02-10,A,0
963,2019-01-22,2019-02-10,C,18
964,2019-01-22,2019-02-10,B,5
965,2019-01-22,2019-02-10,A,6
966,2019-01-23,2019-02-10,C,29
967,2019-01-23,2019-02-10,B,10
968,2019-01-23,2019-02-10,A,5
969,2019-01-24,2019-02-10,C,34
970,2019-01-24,2019-02-10,B,14
971,2019-01-24,2019-02-10,A,9
972,2019-01-25,2019-02-10,C,18
973,2019-01-25,2019-02-10,B,8
974,2019-01-25,2019-02-10,A,8
975,2019-01-26,2019-02-10,C,22
976,2019-01-26,2019-02-10,B,13
977,2019-01-26,2019-02-10,A,9
978,2019-01-27,2019-02-10,C,4
979,2019-01-27,2019-02-10,B,1
980,2019-01-27,2019-02-10,A,3
981,2019-01-28,2019-02-10,C,0
982,2019-01-28,2019-02-10,B,0
983,2019-01-28,2019-02-10,A,0
984,2019-01-29,2019-02-10,C,20
985,2019-01-29,2019-02-10,B,8
986,2019-01-29,2019-02-10,A,6
987,2019-01-30,2019-02-10,C,28
988,2019-01-30,2019-02-10,B,8
989,2019-01-30,2019-02-10,A,2
990,2019-01-31,2019-02-10,C,28
991,2019-01-31,2019-02-10,B,14
992,2019-01-31,2019-02-10,A,6
993,2019-02-01,2019-02-10,C,21
994,2019-02-01,2019-02-10,B,10
995,2019-02-01,2019-02-10,A,5
996,2019-02-02,2019-02-10,C,39
997,2019-02-02,2019-02-10,B,15
998,2019-02-02,2019-02-10,A,8
999,2019-02-03,2019-02-10,C,4
1000,2019-02-03,2019-02-10,B,2
1001,2019-02-03,2019-02-10,A,1
1002,2019-02-04,2019-02-10,C,0
1003,2019-02-04,2019-02-10,B,0
1004,2019-02-04,2019-02-10,A,0
1005,2019-02-05,2019-02-10,C,12
1006,2019-02-05,2019-02-10,B,6
1007,2019-02-05,2019-02-10,A,4
1008,2019-02-06,2019-02-10,C,17
1009,2019-02-06,2019-02-10,B,10
1010,2019-02-06,2019-02-10,A,5
1011,2019-02-07,2019-02-10,C,20
1012,2019-02-07,2019-02-10,B,11
1013,2019-02-07,2019-02-10,A,4
1014,2019-02-08,2019-02-10,C,18
1015,2019-02-08,2019-02-10,B,7
1016,2019-02-08,2019-02-10,A,6
1017,2019-02-09,2019-02-10,C,37
1018,2019-02-09,2019-02-10,B,13
1019,2019-02-09,2019-02-10,A,11
1020,2019-02-10,2019-02-10,C,2
1021,2019-02-10,2019-02-10,B,1
1022,2019-02-10,2019-02-10,A,0
1023,2019-01-12,2019-02-11,C,24
1024,2019-01-12,2019-02-11,B,20
1025,2019-01-12,2019-02-11,A,9
1026,2019-01-13,2019-02-11,C,4
1027,2019-01-13,2019-02-11,B,5
1028,2019-01-13,2019-02-11,A,2
1029,2019-01-14,2019-02-11,C,0
1030,2019-01-14,2019-02-11,B,0
1031,2019-01-14,2019-02-11,A,0
1032,2019-01-15,2019-02-11,C,27
1033,2019-01-15,2019-02-11,B,9
1034,2019-01-15,2019-02-11,A,7
1035,2019-01-16,2019-02-11,C,24
1036,2019-01-16,2019-02-11,B,12
1037,2019-01-16,2019-02-11,A,3
1038,2019-01-17,2019-02-11,C,32
1039,2019-01-17,2019-02-11,B,10
1040,2019-01-17,2019-02-11,A,8
1041,2019-01-18,2019-02-11,C,21
1042,2019-01-18,2019-02-11,B,10
1043,2019-01-18,2019-02-11,A,3
1044,2019-01-19,2019-02-11,C,32
1045,2019-01-19,2019-02-11,B,14
1046,2019-01-19,2019-02-11,A,3
1047,2019-01-20,2019-02-11,C,4
1048,2019-01-20,2019-02-11,B,5
1049,2019-01-20,2019-02-11,A,0
1050,2019-01-21,2019-02-11,C,0
1051,2019-01-21,2019-02-11,B,0
1052,2019-01-21,2019-02-11,A,0
1053,2019-01-22,2019-02-11,C,20
1054,2019-01-22,2019-02-11,B,7
1055,2019-01-22,2019-02-11,A,3
1056,2019-01-23,2019-02-11,C,24
1057,2019-01-23,2019-02-11,B,16
1058,2019-01-23,2019-02-11,A,3
1059,2019-01-24,2019-02-11,C,22
1060,2019-01-24,2019-02-11,B,12
1061,2019-01-24,2019-02-11,A,9
1062,2019-01-25,2019-02-11,C,14
1063,2019-01-25,2019-02-11,B,13
1064,2019-01-25,2019-02-11,A,6
1065,2019-01-26,2019-02-11,C,24
1066,2019-01-26,2019-02-11,B,18
1067,2019-01-26,2019-02-11,A,9
1068,2019-01-27,2019-02-11,C,2
1069,2019-01-27,2019-02-11,B,1
1070,2019-01-27,2019-02-11,A,2
1071,2019-01-28,2019-02-11,C,0
1072,2019-01-28,2019-02-11,B,0
1073,2019-01-28,2019-02-11,A,0
1074,2019-01-29,2019-02-11,C,16
1075,2019-01-29,2019-02-11,B,3
1076,2019-01-29,2019-02-11,A,4
1077,2019-01-30,2019-02-11,C,24
1078,2019-01-30,2019-02-11,B,8
1079,2019-01-30,2019-02-11,A,7
1080,2019-01-31,2019-02-11,C,33
1081,2019-01-31,2019-02-11,B,9
1082,2019-01-31,2019-02-11,A,3
1083,2019-02-01,2019-02-11,C,24
1084,2019-02-01,2019-02-11,B,13
1085,2019-02-01,2019-02-11,A,1
1086,2019-02-02,2019-02-11,C,37
1087,2019-02-02,2019-02-11,B,15
1088,2019-02-02,2019-02-11,A,8
1089,2019-02-03,2019-02-11,C,4
1090,2019-02-03,2019-02-11,B,1
1091,2019-02-03,2019-02-11,A,2
1092,2019-02-04,2019-02-11,C,0
1093,2019-02-04,2019-02-11,B,0
1094,2019-02-04,2019-02-11,A,0
1095,2019-02-05,2019-02-11,C,10
1096,2019-02-05,2019-02-11,B,3
1097,2019-02-05,2019-02-11,A,3
1098,2019-02-06,2019-02-11,C,21
1099,2019-02-06,2019-02-11,B,10
1100,2019-02-06,2019-02-11,A,7
1101,2019-02-07,2019-02-11,C,30
1102,2019-02-07,2019-02-11,B,13
1103,2019-02-07,2019-02-11,A,8
1104,2019-02-08,2019-02-11,C,18
1105,2019-02-08,2019-02-11,B,8
1106,2019-02-08,2019-02-11,A,5
1107,2019-02-09,2019-02-11,C,26
1108,2019-02-09,2019-02-11,B,8
1109,2019-02-09,2019-02-11,A,10
1110,2019-02-10,2019-02-11,C,3
1111,2019-02-10,2019-02-11,B,4
1112,2019-02-10,2019-02-11,A,0
1113,2019-02-11,2019-02-11,C,0
1114,2019-02-11,2019-02-11,B,0
1115,2019-02-11,2019-02-11,A,0
1116,2019-01-13,2019-02-12,C,6
1117,2019-01-13,2019-02-12,B,4
1118,2019-01-13,2019-02-12,A,2
1119,2019-01-14,2019-02-12,C,0
1120,2019-01-14,2019-02-12,B,0
1121,2019-01-14,2019-02-12,A,0
1122,2019-01-15,2019-02-12,C,18
1123,2019-01-15,2019-02-12,B,14
1124,2019-01-15,2019-02-12,A,6
1125,2019-01-16,2019-02-12,C,19
1126,2019-01-16,2019-02-12,B,11
1127,2019-01-16,2019-02-12,A,8
1128,2019-01-17,2019-02-12,C,21
1129,2019-01-17,2019-02-12,B,10
1130,2019-01-17,2019-02-12,A,4
1131,2019-01-18,2019-02-12,C,22
1132,2019-01-18,2019-02-12,B,7
1133,2019-01-18,2019-02-12,A,5
1134,2019-01-19,2019-02-12,C,30
1135,2019-01-19,2019-02-12,B,14
1136,2019-01-19,2019-02-12,A,11
1137,2019-01-20,2019-02-12,C,2
1138,2019-01-20,2019-02-12,B,3
1139,2019-01-20,2019-02-12,A,3
1140,2019-01-21,2019-02-12,C,0
1141,2019-01-21,2019-02-12,B,0
1142,2019-01-21,2019-02-12,A,0
1143,2019-01-22,2019-02-12,C,19
1144,2019-01-22,2019-02-12,B,9
1145,2019-01-22,2019-02-12,A,7
1146,2019-01-23,2019-02-12,C,21
1147,2019-01-23,2019-02-12,B,6
1148,2019-01-23,2019-02-12,A,7
1149,2019-01-24,2019-02-12,C,28
1150,2019-01-24,2019-02-12,B,9
1151,2019-01-24,2019-02-12,A,10
1152,2019-01-25,2019-02-12,C,15
1153,2019-01-25,2019-02-12,B,9
1154,2019-01-25,2019-02-12,A,2
1155,2019-01-26,2019-02-12,C,28
1156,2019-01-26,2019-02-12,B,14
1157,2019-01-26,2019-02-12,A,5
1158,2019-01-27,2019-02-12,C,5
1159,2019-01-27,2019-02-12,B,3
1160,2019-01-27,2019-02-12,A,0
1161,2019-01-28,2019-02-12,C,0
1162,2019-01-28,2019-02-12,B,0
1163,2019-01-28,2019-02-12,A,0
1164,2019-01-29,2019-02-12,C,14
1165,2019-01-29,2019-02-12,B,13
1166,2019-01-29,2019-02-12,A,4
1167,2019-01-30,2019-02-12,C,23
1168,2019-01-30,2019-02-12,B,14
1169,2019-01-30,2019-02-12,A,10
1170,2019-01-31,2019-02-12,C,23
1171,2019-01-31,2019-02-12,B,19
1172,2019-01-31,2019-02-12,A,8
1173,2019-02-01,2019-02-12,C,18
1174,2019-02-01,2019-02-12,B,11
1175,2019-02-01,2019-02-12,A,10
1176,2019-02-02,2019-02-12,C,29
1177,2019-02-02,2019-02-12,B,9
1178,2019-02-02,2019-02-12,A,3
1179,2019-02-03,2019-02-12,C,5
1180,2019-02-03,2019-02-12,B,1
1181,2019-02-03,2019-02-12,A,2
1182,2019-02-04,2019-02-12,C,0
1183,2019-02-04,2019-02-12,B,0
1184,2019-02-04,2019-02-12,A,0
1185,2019-02-05,2019-02-12,C,17
1186,2019-02-05,2019-02-12,B,7
1187,2019-02-05,2019-02-12,A,4
1188,2019-02-06,2019-02-12,C,18
1189,2019-02-06,2019-02-12,B,11
1190,2019-02-06,2019-02-12,A,1
1191,2019-02-07,2019-02-12,C,25
1192,2019-02-07,2019-02-12,B,13
1193,2019-02-07,2019-02-12,A,7
1194,2019-02-08,2019-02-12,C,23
1195,2019-02-08,2019-02-12,B,7
1196,2019-02-08,2019-02-12,A,5
1197,2019-02-09,2019-02-12,C,40
1198,2019-02-09,2019-02-12,B,12
1199,2019-02-09,2019-02-12,A,5
1200,2019-02-10,2019-02-12,C,7
1201,2019-02-10,2019-02-12,B,2
1202,2019-02-10,2019-02-12,A,0
1203,2019-02-11,2019-02-12,C,0
1204,2019-02-11,2019-02-12,B,0
1205,2019-02-11,2019-02-12,A,0
1206,2019-02-12,2019-02-12,C,31
1207,2019-02-12,2019-02-12,B,8
1208,2019-02-12,2019-02-12,A,3
1209,2019-01-14,2019-02-13,C,0
1210,2019-01-14,2019-02-13,B,0
1211,2019-01-14,2019-02-13,A,0
1212,2019-01-15,2019-02-13,C,13
1213,2019-01-15,2019-02-13,B,12
1214,2019-01-15,2019-02-13,A,3
1215,2019-01-16,2019-02-13,C,19
1216,2019-01-16,2019-02-13,B,10
1217,2019-01-16,2019-02-13,A,12
1218,2019-01-17,2019-02-13,C,22
1219,2019-01-17,2019-02-13,B,13
1220,2019-01-17,2019-02-13,A,11
1221,2019-01-18,2019-02-13,C,15
1222,2019-01-18,2019-02-13,B,10
1223,2019-01-18,2019-02-13,A,5
1224,2019-01-19,2019-02-13,C,30
1225,2019-01-19,2019-02-13,B,9
1226,2019-01-19,2019-02-13,A,3
1227,2019-01-20,2019-02-13,C,3
1228,2019-01-20,2019-02-13,B,3
1229,2019-01-20,2019-02-13,A,0
1230,2019-01-21,2019-02-13,C,0
1231,2019-01-21,2019-02-13,B,0
1232,2019-01-21,2019-02-13,A,0
1233,2019-01-22,2019-02-13,C,14
1234,2019-01-22,2019-02-13,B,15
1235,2019-01-22,2019-02-13,A,7
1236,2019-01-23,2019-02-13,C,27
1237,2019-01-23,2019-02-13,B,13
1238,2019-01-23,2019-02-13,A,10
1239,2019-01-24,2019-02-13,C,28
1240,2019-01-24,2019-02-13,B,11
1241,2019-01-24,2019-02-13,A,10
1242,2019-01-25,2019-02-13,C,24
1243,2019-01-25,2019-02-13,B,7
1244,2019-01-25,2019-02-13,A,2
1245,2019-01-26,2019-02-13,C,37
1246,2019-01-26,2019-02-13,B,13
1247,2019-01-26,2019-02-13,A,8
1248,2019-01-27,2019-02-13,C,9
1249,2019-01-27,2019-02-13,B,2
1250,2019-01-27,2019-02-13,A,0
1251,2019-01-28,2019-02-13,C,0
1252,2019-01-28,2019-02-13,B,0
1253,2019-01-28,2019-02-13,A,0
1254,2019-01-29,2019-02-13,C,14
1255,2019-01-29,2019-02-13,B,9
1256,2019-01-29,2019-02-13,A,6
1257,2019-01-30,2019-02-13,C,26
1258,2019-01-30,2019-02-13,B,11
1259,2019-01-30,2019-02-13,A,6
1260,2019-01-31,2019-02-13,C,22
1261,2019-01-31,2019-02-13,B,16
1262,2019-01-31,2019-02-13,A,10
1263,2019-02-01,2019-02-13,C,18
1264,2019-02-01,2019-02-13,B,10
1265,2019-02-01,2019-02-13,A,0
1266,2019-02-02,2019-02-13,C,31
1267,2019-02-02,2019-02-13,B,11
1268,2019-02-02,2019-02-13,A,9
1269,2019-02-03,2019-02-13,C,5
1270,2019-02-03,2019-02-13,B,1
1271,2019-02-03,2019-02-13,A,1
1272,2019-02-04,2019-02-13,C,0
1273,2019-02-04,2019-02-13,B,0
1274,2019-02-04,2019-02-13,A,0
1275,2019-02-05,2019-02-13,C,21
1276,2019-02-05,2019-02-13,B,14
1277,2019-02-05,2019-02-13,A,1
1278,2019-02-06,2019-02-13,C,20
1279,2019-02-06,2019-02-13,B,13
1280,2019-02-06,2019-02-13,A,6
1281,2019-02-07,2019-02-13,C,25
1282,2019-02-07,2019-02-13,B,9
1283,2019-02-07,2019-02-13,A,2
1284,2019-02-08,2019-02-13,C,12
1285,2019-02-08,2019-02-13,B,8
1286,2019-02-08,2019-02-13,A,6
1287,2019-02-09,2019-02-13,C,36
1288,2019-02-09,2019-02-13,B,15
1289,2019-02-09,2019-02-13,A,6
1290,2019-02-10,2019-02-13,C,4
1291,2019-02-10,2019-02-13,B,2
1292,2019-02-10,2019-02-13,A,2
1293,2019-02-11,2019-02-13,C,0
1294,2019-02-11,2019-02-13,B,0
1295,2019-02-11,2019-02-13,A,0
1296,2019-02-12,2019-02-13,C,23
1297,2019-02-12,2019-02-13,B,8
1298,2019-02-12,2019-02-13,A,2
1299,2019-02-13,2019-02-13,C,26
1300,2019-02-13,2019-02-13,B,16
1301,2019-02-13,2019-02-13,A,4
1302,2019-01-15,2019-02-14,C,18
1303,2019-01-15,2019-02-14,B,8
1304,2019-01-15,2019-02-14,A,7
1305,2019-01-16,2019-02-14,C,22
1306,2019-01-16,2019-02-14,B,12
1307,2019-01-16,2019-02-14,A,8
1308,2019-01-17,2019-02-14,C,28
1309,2019-01-17,2019-02-14,B,17
1310,2019-01-17,2019-02-14,A,2
1311,2019-01-18,2019-02-14,C,15
1312,2019-01-18,2019-02-14,B,6
1313,2019-01-18,2019-02-14,A,7
1314,2019-01-19,2019-02-14,C,28
1315,2019-01-19,2019-02-14,B,16
1316,2019-01-19,2019-02-14,A,8
1317,2019-01-20,2019-02-14,C,4
1318,2019-01-20,2019-02-14,B,1
1319,2019-01-20,2019-02-14,A,1
1320,2019-01-21,2019-02-14,C,0
1321,2019-01-21,2019-02-14,B,0
1322,2019-01-21,2019-02-14,A,0
1323,2019-01-22,2019-02-14,C,10
1324,2019-01-22,2019-02-14,B,14
1325,2019-01-22,2019-02-14,A,3
1326,2019-01-23,2019-02-14,C,15
1327,2019-01-23,2019-02-14,B,15
1328,2019-01-23,2019-02-14,A,4
1329,2019-01-24,2019-02-14,C,27
1330,2019-01-24,2019-02-14,B,11
1331,2019-01-24,2019-02-14,A,3
1332,2019-01-25,2019-02-14,C,16
1333,2019-01-25,2019-02-14,B,8
1334,2019-01-25,2019-02-14,A,7
1335,2019-01-26,2019-02-14,C,27
1336,2019-01-26,2019-02-14,B,11
1337,2019-01-26,2019-02-14,A,8
1338,2019-01-27,2019-02-14,C,2
1339,2019-01-27,2019-02-14,B,1
1340,2019-01-27,2019-02-14,A,0
1341,2019-01-28,2019-02-14,C,0
1342,2019-01-28,2019-02-14,B,0
1343,2019-01-28,2019-02-14,A,0
1344,2019-01-29,2019-02-14,C,24
1345,2019-01-29,2019-02-14,B,8
1346,2019-01-29,2019-02-14,A,4
1347,2019-01-30,2019-02-14,C,28
1348,2019-01-30,2019-02-14,B,7
1349,2019-01-30,2019-02-14,A,5
1350,2019-01-31,2019-02-14,C,22
1351,2019-01-31,2019-02-14,B,14
1352,2019-01-31,2019-02-14,A,3
1353,2019-02-01,2019-02-14,C,27
1354,2019-02-01,2019-02-14,B,5
1355,2019-02-01,2019-02-14,A,5
1356,2019-02-02,2019-02-14,C,15
1357,2019-02-02,2019-02-14,B,15
1358,2019-02-02,2019-02-14,A,7
1359,2019-02-03,2019-02-14,C,3
1360,2019-02-03,2019-02-14,B,1
1361,2019-02-03,2019-02-14,A,1
1362,2019-02-04,2019-02-14,C,0
1363,2019-02-04,2019-02-14,B,0
1364,2019-02-04,2019-02-14,A,0
1365,2019-02-05,2019-02-14,C,11
1366,2019-02-05,2019-02-14,B,5
1367,2019-02-05,2019-02-14,A,3
1368,2019-02-06,2019-02-14,C,23
1369,2019-02-06,2019-02-14,B,13
1370,2019-02-06,2019-02-14,A,8
1371,2019-02-07,2019-02-14,C,19
1372,2019-02-07,2019-02-14,B,14
1373,2019-02-07,2019-02-14,A,2
1374,2019-02-08,2019-02-14,C,17
1375,2019-02-08,2019-02-14,B,8
1376,2019-02-08,2019-02-14,A,4
1377,2019-02-09,2019-02-14,C,32
1378,2019-02-09,2019-02-14,B,17
1379,2019-02-09,2019-02-14,A,6
1380,2019-02-10,2019-02-14,C,6
1381,2019-02-10,2019-02-14,B,2
1382,2019-02-10,2019-02-14,A,0
1383,2019-02-11,2019-02-14,C,0
1384,2019-02-11,2019-02-14,B,0
1385,2019-02-11,2019-02-14,A,0
1386,2019-02-12,2019-02-14,C,27
1387,2019-02-12,2019-02-14,B,12
1388,2019-02-12,2019-02-14,A,7
1389,2019-02-13,2019-02-14,C,13
1390,2019-02-13,2019-02-14,B,14
1391,2019-02-13,2019-02-14,A,4
1392,2019-02-14,2019-02-14,C,22
1393,2019-02-14,2019-02-14,B,11
1394,2019-02-14,2019-02-14,A,5
1395,2019-01-16,2019-02-15,C,22
1396,2019-01-16,2019-02-15,B,12
1397,2019-01-16,2019-02-15,A,7
1398,2019-01-17,2019-02-15,C,31
1399,2019-01-17,2019-02-15,B,13
1400,2019-01-17,2019-02-15,A,9
1401,2019-01-18,2019-02-15,C,14
1402,2019-01-18,2019-02-15,B,10
1403,2019-01-18,2019-02-15,A,8
1404,2019-01-19,2019-02-15,C,27
1405,2019-01-19,2019-02-15,B,11
1406,2019-01-19,2019-02-15,A,5
1407,2019-01-20,2019-02-15,C,2
1408,2019-01-20,2019-02-15,B,3
1409,2019-01-20,2019-02-15,A,1
1410,2019-01-21,2019-02-15,C,0
1411,2019-01-21,2019-02-15,B,0
1412,2019-01-21,2019-02-15,A,0
1413,2019-01-22,2019-02-15,C,12
1414,2019-01-22,2019-02-15,B,13
1415,2019-01-22,2019-02-15,A,4
1416,2019-01-23,2019-02-15,C,19
1417,2019-01-23,2019-02-15,B,13
1418,2019-01-23,2019-02-15,A,7
1419,2019-01-24,2019-02-15,C,27
1420,2019-01-24,2019-02-15,B,18
1421,2019-01-24,2019-02-15,A,8
1422,2019-01-25,2019-02-15,C,23
1423,2019-01-25,2019-02-15,B,7
1424,2019-01-25,2019-02-15,A,3
1425,2019-01-26,2019-02-15,C,27
1426,2019-01-26,2019-02-15,B,10
1427,2019-01-26,2019-02-15,A,9
1428,2019-01-27,2019-02-15,C,3
1429,2019-01-27,2019-02-15,B,4
1430,2019-01-27,2019-02-15,A,1
1431,2019-01-28,2019-02-15,C,0
1432,2019-01-28,2019-02-15,B,0
1433,2019-01-28,2019-02-15,A,0
1434,2019-01-29,2019-02-15,C,13
1435,2019-01-29,2019-02-15,B,11
1436,2019-01-29,2019-02-15,A,5
1437,2019-01-30,2019-02-15,C,43
1438,2019-01-30,2019-02-15,B,10
1439,2019-01-30,2019-02-15,A,7
1440,2019-01-31,2019-02-15,C,19
1441,2019-01-31,2019-02-15,B,15
1442,2019-01-31,2019-02-15,A,7
1443,2019-02-01,2019-02-15,C,13
1444,2019-02-01,2019-02-15,B,14
1445,2019-02-01,2019-02-15,A,8
1446,2019-02-02,2019-02-15,C,24
1447,2019-02-02,2019-02-15,B,12
1448,2019-02-02,2019-02-15,A,10
1449,2019-02-03,2019-02-15,C,4
1450,2019-02-03,2019-02-15,B,2
1451,2019-02-03,2019-02-15,A,0
1452,2019-02-04,2019-02-15,C,0
1453,2019-02-04,2019-02-15,B,0
1454,2019-02-04,2019-02-15,A,0
1455,2019-02-05,2019-02-15,C,22
1456,2019-02-05,2019-02-15,B,14
1457,2019-02-05,2019-02-15,A,7
1458,2019-02-06,2019-02-15,C,28
1459,2019-02-06,2019-02-15,B,13
1460,2019-02-06,2019-02-15,A,3
1461,2019-02-07,2019-02-15,C,20
1462,2019-02-07,2019-02-15,B,11
1463,2019-02-07,2019-02-15,A,0
1464,2019-02-08,2019-02-15,C,22
1465,2019-02-08,2019-02-15,B,10
1466,2019-02-08,2019-02-15,A,3
1467,2019-02-09,2019-02-15,C,26
1468,2019-02-09,2019-02-15,B,7
1469,2019-02-09,2019-02-15,A,12
1470,2019-02-10,2019-02-15,C,5
1471,2019-02-10,2019-02-15,B,4
1472,2019-02-10,2019-02-15,A,2
1473,2019-02-11,2019-02-15,C,0
1474,2019-02-11,2019-02-15,B,0
1475,2019-02-11,2019-02-15,A,0
1476,2019-02-12,2019-02-15,C,17
1477,2019-02-12,2019-02-15,B,9
1478,2019-02-12,2019-02-15,A,7
1479,2019-02-13,2019-02-15,C,22
1480,2019-02-13,2019-02-15,B,16
1481,2019-02-13,2019-02-15,A,5
1482,2019-02-14,2019-02-15,C,30
1483,2019-02-14,2019-02-15,B,14
1484,2019-02-14,2019-02-15,A,8
1485,2019-02-15,2019-02-15,C,14
1486,2019-02-15,2019-02-15,B,8
1487,2019-02-15,2019-02-15,A,2
1488,2019-01-17,2019-02-16,C,38
1489,2019-01-17,2019-02-16,B,13
1490,2019-01-17,2019-02-16,A,6
1491,2019-01-18,2019-02-16,C,16
1492,2019-01-18,2019-02-16,B,15
1493,2019-01-18,2019-02-16,A,4
1494,2019-01-19,2019-02-16,C,27
1495,2019-01-19,2019-02-16,B,21
1496,2019-01-19,2019-02-16,A,2
1497,2019-01-20,2019-02-16,C,4
1498,2019-01-20,2019-02-16,B,1
1499,2019-01-20,2019-02-16,A,1
1500,2019-01-21,2019-02-16,C,0
1501,2019-01-21,2019-02-16,B,0
1502,2019-01-21,2019-02-16,A,0
1503,2019-01-22,2019-02-16,C,16
1504,2019-01-22,2019-02-16,B,10
1505,2019-01-22,2019-02-16,A,9
1506,2019-01-23,2019-02-16,C,22
1507,2019-01-23,2019-02-16,B,16
1508,2019-01-23,2019-02-16,A,1
1509,2019-01-24,2019-02-16,C,27
1510,2019-01-24,2019-02-16,B,12
1511,2019-01-24,2019-02-16,A,4
1512,2019-01-25,2019-02-16,C,16
1513,2019-01-25,2019-02-16,B,6
1514,2019-01-25,2019-02-16,A,5
1515,2019-01-26,2019-02-16,C,46
1516,2019-01-26,2019-02-16,B,21
1517,2019-01-26,2019-02-16,A,8
1518,2019-01-27,2019-02-16,C,4
1519,2019-01-27,2019-02-16,B,3
1520,2019-01-27,2019-02-16,A,2
1521,2019-01-28,2019-02-16,C,0
1522,2019-01-28,2019-02-16,B,0
1523,2019-01-28,2019-02-16,A,0
1524,2019-01-29,2019-02-16,C,17
1525,2019-01-29,2019-02-16,B,11
1526,2019-01-29,2019-02-16,A,3
1527,2019-01-30,2019-02-16,C,35
1528,2019-01-30,2019-02-16,B,15
1529,2019-01-30,2019-02-16,A,5
1530,2019-01-31,2019-02-16,C,28
1531,2019-01-31,2019-02-16,B,10
1532,2019-01-31,2019-02-16,A,5
1533,2019-02-01,2019-02-16,C,17
1534,2019-02-01,2019-02-16,B,13
1535,2019-02-01,2019-02-16,A,9
1536,2019-02-02,2019-02-16,C,25
1537,2019-02-02,2019-02-16,B,15
1538,2019-02-02,2019-02-16,A,6
1539,2019-02-03,2019-02-16,C,5
1540,2019-02-03,2019-02-16,B,1
1541,2019-02-03,2019-02-16,A,0
1542,2019-02-04,2019-02-16,C,0
1543,2019-02-04,2019-02-16,B,0
1544,2019-02-04,2019-02-16,A,0
1545,2019-02-05,2019-02-16,C,20
1546,2019-02-05,2019-02-16,B,6
1547,2019-02-05,2019-02-16,A,3
1548,2019-02-06,2019-02-16,C,28
1549,2019-02-06,2019-02-16,B,9
1550,2019-02-06,2019-02-16,A,7
1551,2019-02-07,2019-02-16,C,29
1552,2019-02-07,2019-02-16,B,8
1553,2019-02-07,2019-02-16,A,6
1554,2019-02-08,2019-02-16,C,22
1555,2019-02-08,2019-02-16,B,10
1556,2019-02-08,2019-02-16,A,3
1557,2019-02-09,2019-02-16,C,28
1558,2019-02-09,2019-02-16,B,14
1559,2019-02-09,2019-02-16,A,5
1560,2019-02-10,2019-02-16,C,1
1561,2019-02-10,2019-02-16,B,0
1562,2019-02-10,2019-02-16,A,2
1563,2019-02-11,2019-02-16,C,0
1564,2019-02-11,2019-02-16,B,0
1565,2019-02-11,2019-02-16,A,0
1566,2019-02-12,2019-02-16,C,9
1567,2019-02-12,2019-02-16,B,9
1568,2019-02-12,2019-02-16,A,5
1569,2019-02-13,2019-02-16,C,30
1570,2019-02-13,2019-02-16,B,12
1571,2019-02-13,2019-02-16,A,1
1572,2019-02-14,2019-02-16,C,17
1573,2019-02-14,2019-02-16,B,12
1574,2019-02-14,2019-02-16,A,4
1575,2019-02-15,2019-02-16,C,8
1576,2019-02-15,2019-02-16,B,8
1577,2019-02-15,2019-02-16,A,6
1578,2019-02-16,2019-02-16,C,31
1579,2019-02-16,2019-02-16,B,13
1580,2019-02-16,2019-02-16,A,10
1581,2019-01-18,2019-02-17,C,17
1582,2019-01-18,2019-02-17,B,9
1583,2019-01-18,2019-02-17,A,7
1584,2019-01-19,2019-02-17,C,32
1585,2019-01-19,2019-02-17,B,15
1586,2019-01-19,2019-02-17,A,8
1587,2019-01-20,2019-02-17,C,4
1588,2019-01-20,2019-02-17,B,1
1589,2019-01-20,2019-02-17,A,1
1590,2019-01-21,2019-02-17,C,0
1591,2019-01-21,2019-02-17,B,0
1592,2019-01-21,2019-02-17,A,0
1593,2019-01-22,2019-02-17,C,18
1594,2019-01-22,2019-02-17,B,5
1595,2019-01-22,2019-02-17,A,3
1596,2019-01-23,2019-02-17,C,35
1597,2019-01-23,2019-02-17,B,15
1598,2019-01-23,2019-02-17,A,6
1599,2019-01-24,2019-02-17,C,22
1600,2019-01-24,2019-02-17,B,14
1601,2019-01-24,2019-02-17,A,11
1602,2019-01-25,2019-02-17,C,15
1603,2019-01-25,2019-02-17,B,6
1604,2019-01-25,2019-02-17,A,2
1605,2019-01-26,2019-02-17,C,29
1606,2019-01-26,2019-02-17,B,15
1607,2019-01-26,2019-02-17,A,8
1608,2019-01-27,2019-02-17,C,3
1609,2019-01-27,2019-02-17,B,1
1610,2019-01-27,2019-02-17,A,1
1611,2019-01-28,2019-02-17,C,0
1612,2019-01-28,2019-02-17,B,0
1613,2019-01-28,2019-02-17,A,0
1614,2019-01-29,2019-02-17,C,21
1615,2019-01-29,2019-02-17,B,12
1616,2019-01-29,2019-02-17,A,7
1617,2019-01-30,2019-02-17,C,19
1618,2019-01-30,2019-02-17,B,9
1619,2019-01-30,2019-02-17,A,2
1620,2019-01-31,2019-02-17,C,33
1621,2019-01-31,2019-02-17,B,11
1622,2019-01-31,2019-02-17,A,8
1623,2019-02-01,2019-02-17,C,11
1624,2019-02-01,2019-02-17,B,10
1625,2019-02-01,2019-02-17,A,4
1626,2019-02-02,2019-02-17,C,35
1627,2019-02-02,2019-02-17,B,14
1628,2019-02-02,2019-02-17,A,8
1629,2019-02-03,2019-02-17,C,1
1630,2019-02-03,2019-02-17,B,3
1631,2019-02-03,2019-02-17,A,2
1632,2019-02-04,2019-02-17,C,0
1633,2019-02-04,2019-02-17,B,0
1634,2019-02-04,2019-02-17,A,0
1635,2019-02-05,2019-02-17,C,18
1636,2019-02-05,2019-02-17,B,8
1637,2019-02-05,2019-02-17,A,5
1638,2019-02-06,2019-02-17,C,26
1639,2019-02-06,2019-02-17,B,11
1640,2019-02-06,2019-02-17,A,3
1641,2019-02-07,2019-02-17,C,28
1642,2019-02-07,2019-02-17,B,14
1643,2019-02-07,2019-02-17,A,10
1644,2019-02-08,2019-02-17,C,14
1645,2019-02-08,2019-02-17,B,8
1646,2019-02-08,2019-02-17,A,3
1647,2019-02-09,2019-02-17,C,33
1648,2019-02-09,2019-02-17,B,21
1649,2019-02-09,2019-02-17,A,10
1650,2019-02-10,2019-02-17,C,1
1651,2019-02-10,2019-02-17,B,2
1652,2019-02-10,2019-02-17,A,1
1653,2019-02-11,2019-02-17,C,0
1654,2019-02-11,2019-02-17,B,0
1655,2019-02-11,2019-02-17,A,0
1656,2019-02-12,2019-02-17,C,20
1657,2019-02-12,2019-02-17,B,10
1658,2019-02-12,2019-02-17,A,7
1659,2019-02-13,2019-02-17,C,30
1660,2019-02-13,2019-02-17,B,16
1661,2019-02-13,2019-02-17,A,5
1662,2019-02-14,2019-02-17,C,24
1663,2019-02-14,2019-02-17,B,9
1664,2019-02-14,2019-02-17,A,12
1665,2019-02-15,2019-02-17,C,16
1666,2019-02-15,2019-02-17,B,8
1667,2019-02-15,2019-02-17,A,8
1668,2019-02-16,2019-02-17,C,42
1669,2019-02-16,2019-02-17,B,15
1670,2019-02-16,2019-02-17,A,4
1671,2019-02-17,2019-02-17,C,6
1672,2019-02-17,2019-02-17,B,1
1673,2019-02-17,2019-02-17,A,0
1674,2019-01-19,2019-02-18,C,31
1675,2019-01-19,2019-02-18,B,22
1676,2019-01-19,2019-02-18,A,8
1677,2019-01-20,2019-02-18,C,3
1678,2019-01-20,2019-02-18,B,0
1679,2019-01-20,2019-02-18,A,0
1680,2019-01-21,2019-02-18,C,0
1681,2019-01-21,2019-02-18,B,0
1682,2019-01-21,2019-02-18,A,0
1683,2019-01-22,2019-02-18,C,26
1684,2019-01-22,2019-02-18,B,7
1685,2019-01-22,2019-02-18,A,3
1686,2019-01-23,2019-02-18,C,27
1687,2019-01-23,2019-02-18,B,12
1688,2019-01-23,2019-02-18,A,2
1689,2019-01-24,2019-02-18,C,38
1690,2019-01-24,2019-02-18,B,12
1691,2019-01-24,2019-02-18,A,9
1692,2019-01-25,2019-02-18,C,21
1693,2019-01-25,2019-02-18,B,8
1694,2019-01-25,2019-02-18,A,4
1695,2019-01-26,2019-02-18,C,31
1696,2019-01-26,2019-02-18,B,12
1697,2019-01-26,2019-02-18,A,8
1698,2019-01-27,2019-02-18,C,3
1699,2019-01-27,2019-02-18,B,2
1700,2019-01-27,2019-02-18,A,2
1701,2019-01-28,2019-02-18,C,0
1702,2019-01-28,2019-02-18,B,0
1703,2019-01-28,2019-02-18,A,0
1704,2019-01-29,2019-02-18,C,11
1705,2019-01-29,2019-02-18,B,6
1706,2019-01-29,2019-02-18,A,3
1707,2019-01-30,2019-02-18,C,24
1708,2019-01-30,2019-02-18,B,10
1709,2019-01-30,2019-02-18,A,3
1710,2019-01-31,2019-02-18,C,26
1711,2019-01-31,2019-02-18,B,13
1712,2019-01-31,2019-02-18,A,5
1713,2019-02-01,2019-02-18,C,16
1714,2019-02-01,2019-02-18,B,14
1715,2019-02-01,2019-02-18,A,5
1716,2019-02-02,2019-02-18,C,42
1717,2019-02-02,2019-02-18,B,13
1718,2019-02-02,2019-02-18,A,5
1719,2019-02-03,2019-02-18,C,3
1720,2019-02-03,2019-02-18,B,4
1721,2019-02-03,2019-02-18,A,0
1722,2019-02-04,2019-02-18,C,0
1723,2019-02-04,2019-02-18,B,0
1724,2019-02-04,2019-02-18,A,0
1725,2019-02-05,2019-02-18,C,17
1726,2019-02-05,2019-02-18,B,10
1727,2019-02-05,2019-02-18,A,5
1728,2019-02-06,2019-02-18,C,21
1729,2019-02-06,2019-02-18,B,21
1730,2019-02-06,2019-02-18,A,4
1731,2019-02-07,2019-02-18,C,24
1732,2019-02-07,2019-02-18,B,11
1733,2019-02-07,2019-02-18,A,4
1734,2019-02-08,2019-02-18,C,20
1735,2019-02-08,2019-02-18,B,7
1736,2019-02-08,2019-02-18,A,5
1737,2019-02-09,2019-02-18,C,30
1738,2019-02-09,2019-02-18,B,16
1739,2019-02-09,2019-02-18,A,5
1740,2019-02-10,2019-02-18,C,5
1741,2019-02-10,2019-02-18,B,2
1742,2019-02-10,2019-02-18,A,0
1743,2019-02-11,2019-02-18,C,0
1744,2019-02-11,2019-02-18,B,0
1745,2019-02-11,2019-02-18,A,0
1746,2019-02-12,2019-02-18,C,20
1747,2019-02-12,2019-02-18,B,10
1748,2019-02-12,2019-02-18,A,8
1749,2019-02-13,2019-02-18,C,29
1750,2019-02-13,2019-02-18,B,6
1751,2019-02-13,2019-02-18,A,10
1752,2019-02-14,2019-02-18,C,25
1753,2019-02-14,2019-02-18,B,11
1754,2019-02-14,2019-02-18,A,7
1755,2019-02-15,2019-02-18,C,19
1756,2019-02-15,2019-02-18,B,8
1757,2019-02-15,2019-02-18,A,3
1758,2019-02-16,2019-02-18,C,31
1759,2019-02-16,2019-02-18,B,20
1760,2019-02-16,2019-02-18,A,8
1761,2019-02-17,2019-02-18,C,3
1762,2019-02-17,2019-02-18,B,2
1763,2019-02-17,2019-02-18,A,1
1764,2019-02-18,2019-02-18,C,0
1765,2019-02-18,2019-02-18,B,0
1766,2019-02-18,2019-02-18,A,0
1767,2019-01-20,2019-02-19,C,7
1768,2019-01-20,2019-02-19,B,3
1769,2019-01-20,2019-02-19,A,0
1770,2019-01-21,2019-02-19,C,0
1771,2019-01-21,2019-02-19,B,0
1772,2019-01-21,2019-02-19,A,0
1773,2019-01-22,2019-02-19,C,24
1774,2019-01-22,2019-02-19,B,8
1775,2019-01-22,2019-02-19,A,3
1776,2019-01-23,2019-02-19,C,21
1777,2019-01-23,2019-02-19,B,13
1778,2019-01-23,2019-02-19,A,10
1779,2019-01-24,2019-02-19,C,33
1780,2019-01-24,2019-02-19,B,14
1781,2019-01-24,2019-02-19,A,5
1782,2019-01-25,2019-02-19,C,10
1783,2019-01-25,2019-02-19,B,6
1784,2019-01-25,2019-02-19,A,6
1785,2019-01-26,2019-02-19,C,27
1786,2019-01-26,2019-02-19,B,26
1787,2019-01-26,2019-02-19,A,5
1788,2019-01-27,2019-02-19,C,4
1789,2019-01-27,2019-02-19,B,6
1790,2019-01-27,2019-02-19,A,0
1791,2019-01-28,2019-02-19,C,0
1792,2019-01-28,2019-02-19,B,0
1793,2019-01-28,2019-02-19,A,0
1794,2019-01-29,2019-02-19,C,22
1795,2019-01-29,2019-02-19,B,7
1796,2019-01-29,2019-02-19,A,4
1797,2019-01-30,2019-02-19,C,26
1798,2019-01-30,2019-02-19,B,10
1799,2019-01-30,2019-02-19,A,7
1800,2019-01-31,2019-02-19,C,35
1801,2019-01-31,2019-02-19,B,13
1802,2019-01-31,2019-02-19,A,10
1803,2019-02-01,2019-02-19,C,18
1804,2019-02-01,2019-02-19,B,12
1805,2019-02-01,2019-02-19,A,5
1806,2019-02-02,2019-02-19,C,23
1807,2019-02-02,2019-02-19,B,18
1808,2019-02-02,2019-02-19,A,8
1809,2019-02-03,2019-02-19,C,6
1810,2019-02-03,2019-02-19,B,3
1811,2019-02-03,2019-02-19,A,0
1812,2019-02-04,2019-02-19,C,0
1813,2019-02-04,2019-02-19,B,0
1814,2019-02-04,2019-02-19,A,0
1815,2019-02-05,2019-02-19,C,25
1816,2019-02-05,2019-02-19,B,11
1817,2019-02-05,2019-02-19,A,8
1818,2019-02-06,2019-02-19,C,23
1819,2019-02-06,2019-02-19,B,8
1820,2019-02-06,2019-02-19,A,8
1821,2019-02-07,2019-02-19,C,24
1822,2019-02-07,2019-02-19,B,18
1823,2019-02-07,2019-02-19,A,11
1824,2019-02-08,2019-02-19,C,13
1825,2019-02-08,2019-02-19,B,13
1826,2019-02-08,2019-02-19,A,7
1827,2019-02-09,2019-02-19,C,27
1828,2019-02-09,2019-02-19,B,16
1829,2019-02-09,2019-02-19,A,7
1830,2019-02-10,2019-02-19,C,3
1831,2019-02-10,2019-02-19,B,1
1832,2019-02-10,2019-02-19,A,1
1833,2019-02-11,2019-02-19,C,0
1834,2019-02-11,2019-02-19,B,0
1835,2019-02-11,2019-02-19,A,0
1836,2019-02-12,2019-02-19,C,16
1837,2019-02-12,2019-02-19,B,7
1838,2019-02-12,2019-02-19,A,6
1839,2019-02-13,2019-02-19,C,22
1840,2019-02-13,2019-02-19,B,10
1841,2019-02-13,2019-02-19,A,4
1842,2019-02-14,2019-02-19,C,29
1843,2019-02-14,2019-02-19,B,5
1844,2019-02-14,2019-02-19,A,8
1845,2019-02-15,2019-02-19,C,16
1846,2019-02-15,2019-02-19,B,12
1847,2019-02-15,2019-02-19,A,4
1848,2019-02-16,2019-02-19,C,40
1849,2019-02-16,2019-02-19,B,13
1850,2019-02-16,2019-02-19,A,10
1851,2019-02-17,2019-02-19,C,2
1852,2019-02-17,2019-02-19,B,1
1853,2019-02-17,2019-02-19,A,0
1854,2019-02-18,2019-02-19,C,0
1855,2019-02-18,2019-02-19,B,0
1856,2019-02-18,2019-02-19,A,0
1857,2019-02-19,2019-02-19,C,23
1858,2019-02-19,2019-02-19,B,7
1859,2019-02-19,2019-02-19,A,6
1860,2019-01-21,2019-02-20,C,0
1861,2019-01-21,2019-02-20,B,0
1862,2019-01-21,2019-02-20,A,0
1863,2019-01-22,2019-02-20,C,18
1864,2019-01-22,2019-02-20,B,12
1865,2019-01-22,2019-02-20,A,4
1866,2019-01-23,2019-02-20,C,24
1867,2019-01-23,2019-02-20,B,13
1868,2019-01-23,2019-02-20,A,10
1869,2019-01-24,2019-02-20,C,17
1870,2019-01-24,2019-02-20,B,20
1871,2019-01-24,2019-02-20,A,2
1872,2019-01-25,2019-02-20,C,14
1873,2019-01-25,2019-02-20,B,7
1874,2019-01-25,2019-02-20,A,1
1875,2019-01-26,2019-02-20,C,27
1876,2019-01-26,2019-02-20,B,14
1877,2019-01-26,2019-02-20,A,10
1878,2019-01-27,2019-02-20,C,3
1879,2019-01-27,2019-02-20,B,2
1880,2019-01-27,2019-02-20,A,1
1881,2019-01-28,2019-02-20,C,0
1882,2019-01-28,2019-02-20,B,0
1883,2019-01-28,2019-02-20,A,0
1884,2019-01-29,2019-02-20,C,15
1885,2019-01-29,2019-02-20,B,12
1886,2019-01-29,2019-02-20,A,1
1887,2019-01-30,2019-02-20,C,22
1888,2019-01-30,2019-02-20,B,9
1889,2019-01-30,2019-02-20,A,7
1890,2019-01-31,2019-02-20,C,20
1891,2019-01-31,2019-02-20,B,17
1892,2019-01-31,2019-02-20,A,4
1893,2019-02-01,2019-02-20,C,16
1894,2019-02-01,2019-02-20,B,10
1895,2019-02-01,2019-02-20,A,4
1896,2019-02-02,2019-02-20,C,31
1897,2019-02-02,2019-02-20,B,18
1898,2019-02-02,2019-02-20,A,8
1899,2019-02-03,2019-02-20,C,4
1900,2019-02-03,2019-02-20,B,2
1901,2019-02-03,2019-02-20,A,1
1902,2019-02-04,2019-02-20,C,0
1903,2019-02-04,2019-02-20,B,0
1904,2019-02-04,2019-02-20,A,0
1905,2019-02-05,2019-02-20,C,27
1906,2019-02-05,2019-02-20,B,12
1907,2019-02-05,2019-02-20,A,5
1908,2019-02-06,2019-02-20,C,29
1909,2019-02-06,2019-02-20,B,10
1910,2019-02-06,2019-02-20,A,9
1911,2019-02-07,2019-02-20,C,26
1912,2019-02-07,2019-02-20,B,18
1913,2019-02-07,2019-02-20,A,8
1914,2019-02-08,2019-02-20,C,19
1915,2019-02-08,2019-02-20,B,11
1916,2019-02-08,2019-02-20,A,6
1917,2019-02-09,2019-02-20,C,25
1918,2019-02-09,2019-02-20,B,13
1919,2019-02-09,2019-02-20,A,6
1920,2019-02-10,2019-02-20,C,4
1921,2019-02-10,2019-02-20,B,4
1922,2019-02-10,2019-02-20,A,0
1923,2019-02-11,2019-02-20,C,0
1924,2019-02-11,2019-02-20,B,0
1925,2019-02-11,2019-02-20,A,0
1926,2019-02-12,2019-02-20,C,17
1927,2019-02-12,2019-02-20,B,10
1928,2019-02-12,2019-02-20,A,9
1929,2019-02-13,2019-02-20,C,28
1930,2019-02-13,2019-02-20,B,12
1931,2019-02-13,2019-02-20,A,5
1932,2019-02-14,2019-02-20,C,30
1933,2019-02-14,2019-02-20,B,10
1934,2019-02-14,2019-02-20,A,3
1935,2019-02-15,2019-02-20,C,14
1936,2019-02-15,2019-02-20,B,8
1937,2019-02-15,2019-02-20,A,2
1938,2019-02-16,2019-02-20,C,20
1939,2019-02-16,2019-02-20,B,15
1940,2019-02-16,2019-02-20,A,6
1941,2019-02-17,2019-02-20,C,3
1942,2019-02-17,2019-02-20,B,0
1943,2019-02-17,2019-02-20,A,0
1944,2019-02-18,2019-02-20,C,0
1945,2019-02-18,2019-02-20,B,0
1946,2019-02-18,2019-02-20,A,0
1947,2019-02-19,2019-02-20,C,26
1948,2019-02-19,2019-02-20,B,6
1949,2019-02-19,2019-02-20,A,1
1950,2019-02-20,2019-02-20,C,20
1951,2019-02-20,2019-02-20,B,13
1952,2019-02-20,2019-02-20,A,6
1953,2019-01-22,2019-02-21,C,17
1954,2019-01-22,2019-02-21,B,9
1955,2019-01-22,2019-02-21,A,1
1956,2019-01-23,2019-02-21,C,21
1957,2019-01-23,2019-02-21,B,10
1958,2019-01-23,2019-02-21,A,3
1959,2019-01-24,2019-02-21,C,30
1960,2019-01-24,2019-02-21,B,17
1961,2019-01-24,2019-02-21,A,9
1962,2019-01-25,2019-02-21,C,16
1963,2019-01-25,2019-02-21,B,7
1964,2019-01-25,2019-02-21,A,2
1965,2019-01-26,2019-02-21,C,34
1966,2019-01-26,2019-02-21,B,11
1967,2019-01-26,2019-02-21,A,9
1968,2019-01-27,2019-02-21,C,3
1969,2019-01-27,2019-02-21,B,2
1970,2019-01-27,2019-02-21,A,1
1971,2019-01-28,2019-02-21,C,0
1972,2019-01-28,2019-02-21,B,0
1973,2019-01-28,2019-02-21,A,0
1974,2019-01-29,2019-02-21,C,29
1975,2019-01-29,2019-02-21,B,11
1976,2019-01-29,2019-02-21,A,5
1977,2019-01-30,2019-02-21,C,19
1978,2019-01-30,2019-02-21,B,9
1979,2019-01-30,2019-02-21,A,5
1980,2019-01-31,2019-02-21,C,25
1981,2019-01-31,2019-02-21,B,13
1982,2019-01-31,2019-02-21,A,4
1983,2019-02-01,2019-02-21,C,26
1984,2019-02-01,2019-02-21,B,9
1985,2019-02-01,2019-02-21,A,2
1986,2019-02-02,2019-02-21,C,24
1987,2019-02-02,2019-02-21,B,15
1988,2019-02-02,2019-02-21,A,8
1989,2019-02-03,2019-02-21,C,2
1990,2019-02-03,2019-02-21,B,0
1991,2019-02-03,2019-02-21,A,0
1992,2019-02-04,2019-02-21,C,0
1993,2019-02-04,2019-02-21,B,0
1994,2019-02-04,2019-02-21,A,0
1995,2019-02-05,2019-02-21,C,20
1996,2019-02-05,2019-02-21,B,9
1997,2019-02-05,2019-02-21,A,7
1998,2019-02-06,2019-02-21,C,29
1999,2019-02-06,2019-02-21,B,5
2000,2019-02-06,2019-02-21,A,9
2001,2019-02-07,2019-02-21,C,28
2002,2019-02-07,2019-02-21,B,17
2003,2019-02-07,2019-02-21,A,8
2004,2019-02-08,2019-02-21,C,16
2005,2019-02-08,2019-02-21,B,13
2006,2019-02-08,2019-02-21,A,3
2007,2019-02-09,2019-02-21,C,23
2008,2019-02-09,2019-02-21,B,15
2009,2019-02-09,2019-02-21,A,8
2010,2019-02-10,2019-02-21,C,1
2011,2019-02-10,2019-02-21,B,1
2012,2019-02-10,2019-02-21,A,1
2013,2019-02-11,2019-02-21,C,0
2014,2019-02-11,2019-02-21,B,0
2015,2019-02-11,2019-02-21,A,0
2016,2019-02-12,2019-02-21,C,20
2017,2019-02-12,2019-02-21,B,9
2018,2019-02-12,2019-02-21,A,4
2019,2019-02-13,2019-02-21,C,25
2020,2019-02-13,2019-02-21,B,11
2021,2019-02-13,2019-02-21,A,7
2022,2019-02-14,2019-02-21,C,25
2023,2019-02-14,2019-02-21,B,9
2024,2019-02-14,2019-02-21,A,8
2025,2019-02-15,2019-02-21,C,20
2026,2019-02-15,2019-02-21,B,13
2027,2019-02-15,2019-02-21,A,6
2028,2019-02-16,2019-02-21,C,38
2029,2019-02-16,2019-02-21,B,11
2030,2019-02-16,2019-02-21,A,7
2031,2019-02-17,2019-02-21,C,3
2032,2019-02-17,2019-02-21,B,2
2033,2019-02-17,2019-02-21,A,0
2034,2019-02-18,2019-02-21,C,0
2035,2019-02-18,2019-02-21,B,0
2036,2019-02-18,2019-02-21,A,0
2037,2019-02-19,2019-02-21,C,20
2038,2019-02-19,2019-02-21,B,12
2039,2019-02-19,2019-02-21,A,1
2040,2019-02-20,2019-02-21,C,27
2041,2019-02-20,2019-02-21,B,7
2042,2019-02-20,2019-02-21,A,4
2043,2019-02-21,2019-02-21,C,28
2044,2019-02-21,2019-02-21,B,9
2045,2019-02-21,2019-02-21,A,4
2046,2019-01-23,2019-02-22,C,24
2047,2019-01-23,2019-02-22,B,11
2048,2019-01-23,2019-02-22,A,3
2049,2019-01-24,2019-02-22,C,25
2050,2019-01-24,2019-02-22,B,7
2051,2019-01-24,2019-02-22,A,5
2052,2019-01-25,2019-02-22,C,15
2053,2019-01-25,2019-02-22,B,7
2054,2019-01-25,2019-02-22,A,9
2055,2019-01-26,2019-02-22,C,30
2056,2019-01-26,2019-02-22,B,15
2057,2019-01-26,2019-02-22,A,8
2058,2019-01-27,2019-02-22,C,3
2059,2019-01-27,2019-02-22,B,2
2060,2019-01-27,2019-02-22,A,1
2061,2019-01-28,2019-02-22,C,0
2062,2019-01-28,2019-02-22,B,0
2063,2019-01-28,2019-02-22,A,0
2064,2019-01-29,2019-02-22,C,19
2065,2019-01-29,2019-02-22,B,13
2066,2019-01-29,2019-02-22,A,7
2067,2019-01-30,2019-02-22,C,21
2068,2019-01-30,2019-02-22,B,11
2069,2019-01-30,2019-02-22,A,7
2070,2019-01-31,2019-02-22,C,23
2071,2019-01-31,2019-02-22,B,6
2072,2019-01-31,2019-02-22,A,3
2073,2019-02-01,2019-02-22,C,22
2074,2019-02-01,2019-02-22,B,10
2075,2019-02-01,2019-02-22,A,1
2076,2019-02-02,2019-02-22,C,40
2077,2019-02-02,2019-02-22,B,10
2078,2019-02-02,2019-02-22,A,6
2079,2019-02-03,2019-02-22,C,6
2080,2019-02-03,2019-02-22,B,1
2081,2019-02-03,2019-02-22,A,3
2082,2019-02-04,2019-02-22,C,0
2083,2019-02-04,2019-02-22,B,0
2084,2019-02-04,2019-02-22,A,0
2085,2019-02-05,2019-02-22,C,19
2086,2019-02-05,2019-02-22,B,11
2087,2019-02-05,2019-02-22,A,6
2088,2019-02-06,2019-02-22,C,28
2089,2019-02-06,2019-02-22,B,6
2090,2019-02-06,2019-02-22,A,4
2091,2019-02-07,2019-02-22,C,20
2092,2019-02-07,2019-02-22,B,15
2093,2019-02-07,2019-02-22,A,4
2094,2019-02-08,2019-02-22,C,25
2095,2019-02-08,2019-02-22,B,14
2096,2019-02-08,2019-02-22,A,2
2097,2019-02-09,2019-02-22,C,21
2098,2019-02-09,2019-02-22,B,13
2099,2019-02-09,2019-02-22,A,4
2100,2019-02-10,2019-02-22,C,3
2101,2019-02-10,2019-02-22,B,1
2102,2019-02-10,2019-02-22,A,1
2103,2019-02-11,2019-02-22,C,0
2104,2019-02-11,2019-02-22,B,0
2105,2019-02-11,2019-02-22,A,0
2106,2019-02-12,2019-02-22,C,29
2107,2019-02-12,2019-02-22,B,10
2108,2019-02-12,2019-02-22,A,4
2109,2019-02-13,2019-02-22,C,22
2110,2019-02-13,2019-02-22,B,19
2111,2019-02-13,2019-02-22,A,8
2112,2019-02-14,2019-02-22,C,28
2113,2019-02-14,2019-02-22,B,11
2114,2019-02-14,2019-02-22,A,6
2115,2019-02-15,2019-02-22,C,19
2116,2019-02-15,2019-02-22,B,8
2117,2019-02-15,2019-02-22,A,3
2118,2019-02-16,2019-02-22,C,37
2119,2019-02-16,2019-02-22,B,15
2120,2019-02-16,2019-02-22,A,7
2121,2019-02-17,2019-02-22,C,3
2122,2019-02-17,2019-02-22,B,1
2123,2019-02-17,2019-02-22,A,1
2124,2019-02-18,2019-02-22,C,0
2125,2019-02-18,2019-02-22,B,0
2126,2019-02-18,2019-02-22,A,0
2127,2019-02-19,2019-02-22,C,18
2128,2019-02-19,2019-02-22,B,7
2129,2019-02-19,2019-02-22,A,5
2130,2019-02-20,2019-02-22,C,23
2131,2019-02-20,2019-02-22,B,15
2132,2019-02-20,2019-02-22,A,9
2133,2019-02-21,2019-02-22,C,26
2134,2019-02-21,2019-02-22,B,20
2135,2019-02-21,2019-02-22,A,4
2136,2019-02-22,2019-02-22,C,15
2137,2019-02-22,2019-02-22,B,11
2138,2019-02-22,2019-02-22,A,3
2139,2019-01-24,2019-02-23,C,19
2140,2019-01-24,2019-02-23,B,10
2141,2019-01-24,2019-02-23,A,7
2142,2019-01-25,2019-02-23,C,23
2143,2019-01-25,2019-02-23,B,10
2144,2019-01-25,2019-02-23,A,5
2145,2019-01-26,2019-02-23,C,26
2146,2019-01-26,2019-02-23,B,8
2147,2019-01-26,2019-02-23,A,8
2148,2019-01-27,2019-02-23,C,7
2149,2019-01-27,2019-02-23,B,1
2150,2019-01-27,2019-02-23,A,1
2151,2019-01-28,2019-02-23,C,0
2152,2019-01-28,2019-02-23,B,0
2153,2019-01-28,2019-02-23,A,0
2154,2019-01-29,2019-02-23,C,14
2155,2019-01-29,2019-02-23,B,10
2156,2019-01-29,2019-02-23,A,5
2157,2019-01-30,2019-02-23,C,30
2158,2019-01-30,2019-02-23,B,13
2159,2019-01-30,2019-02-23,A,2
2160,2019-01-31,2019-02-23,C,27
2161,2019-01-31,2019-02-23,B,10
2162,2019-01-31,2019-02-23,A,6
2163,2019-02-01,2019-02-23,C,12
2164,2019-02-01,2019-02-23,B,7
2165,2019-02-01,2019-02-23,A,3
2166,2019-02-02,2019-02-23,C,26
2167,2019-02-02,2019-02-23,B,15
2168,2019-02-02,2019-02-23,A,8
2169,2019-02-03,2019-02-23,C,1
2170,2019-02-03,2019-02-23,B,1
2171,2019-02-03,2019-02-23,A,0
2172,2019-02-04,2019-02-23,C,0
2173,2019-02-04,2019-02-23,B,0
2174,2019-02-04,2019-02-23,A,0
2175,2019-02-05,2019-02-23,C,17
2176,2019-02-05,2019-02-23,B,11
2177,2019-02-05,2019-02-23,A,2
2178,2019-02-06,2019-02-23,C,37
2179,2019-02-06,2019-02-23,B,13
2180,2019-02-06,2019-02-23,A,7
2181,2019-02-07,2019-02-23,C,23
2182,2019-02-07,2019-02-23,B,9
2183,2019-02-07,2019-02-23,A,7
2184,2019-02-08,2019-02-23,C,23
2185,2019-02-08,2019-02-23,B,6
2186,2019-02-08,2019-02-23,A,6
2187,2019-02-09,2019-02-23,C,36
2188,2019-02-09,2019-02-23,B,14
2189,2019-02-09,2019-02-23,A,8
2190,2019-02-10,2019-02-23,C,4
2191,2019-02-10,2019-02-23,B,0
2192,2019-02-10,2019-02-23,A,1
2193,2019-02-11,2019-02-23,C,0
2194,2019-02-11,2019-02-23,B,0
2195,2019-02-11,2019-02-23,A,0
2196,2019-02-12,2019-02-23,C,20
2197,2019-02-12,2019-02-23,B,10
2198,2019-02-12,2019-02-23,A,6
2199,2019-02-13,2019-02-23,C,25
2200,2019-02-13,2019-02-23,B,13
2201,2019-02-13,2019-02-23,A,3
2202,2019-02-14,2019-02-23,C,35
2203,2019-02-14,2019-02-23,B,7
2204,2019-02-14,2019-02-23,A,3
2205,2019-02-15,2019-02-23,C,16
2206,2019-02-15,2019-02-23,B,10
2207,2019-02-15,2019-02-23,A,7
2208,2019-02-16,2019-02-23,C,38
2209,2019-02-16,2019-02-23,B,14
2210,2019-02-16,2019-02-23,A,8
2211,2019-02-17,2019-02-23,C,4
2212,2019-02-17,2019-02-23,B,0
2213,2019-02-17,2019-02-23,A,0
2214,2019-02-18,2019-02-23,C,0
2215,2019-02-18,2019-02-23,B,0
2216,2019-02-18,2019-02-23,A,0
2217,2019-02-19,2019-02-23,C,20
2218,2019-02-19,2019-02-23,B,7
2219,2019-02-19,2019-02-23,A,3
2220,2019-02-20,2019-02-23,C,35
2221,2019-02-20,2019-02-23,B,7
2222,2019-02-20,2019-02-23,A,5
2223,2019-02-21,2019-02-23,C,31
2224,2019-02-21,2019-02-23,B,23
2225,2019-02-21,2019-02-23,A,6
2226,2019-02-22,2019-02-23,C,17
2227,2019-02-22,2019-02-23,B,10
2228,2019-02-22,2019-02-23,A,5
2229,2019-02-23,2019-02-23,C,33
2230,2019-02-23,2019-02-23,B,9
2231,2019-02-23,2019-02-23,A,5
2232,2019-01-25,2019-02-24,C,32
2233,2019-01-25,2019-02-24,B,17
2234,2019-01-25,2019-02-24,A,7
2235,2019-01-26,2019-02-24,C,32
2236,2019-01-26,2019-02-24,B,15
2237,2019-01-26,2019-02-24,A,5
2238,2019-01-27,2019-02-24,C,6
2239,2019-01-27,2019-02-24,B,1
2240,2019-01-27,2019-02-24,A,0
2241,2019-01-28,2019-02-24,C,0
2242,2019-01-28,2019-02-24,B,0
2243,2019-01-28,2019-02-24,A,0
2244,2019-01-29,2019-02-24,C,16
2245,2019-01-29,2019-02-24,B,9
2246,2019-01-29,2019-02-24,A,5
2247,2019-01-30,2019-02-24,C,26
2248,2019-01-30,2019-02-24,B,14
2249,2019-01-30,2019-02-24,A,9
2250,2019-01-31,2019-02-24,C,24
2251,2019-01-31,2019-02-24,B,19
2252,2019-01-31,2019-02-24,A,9
2253,2019-02-01,2019-02-24,C,17
2254,2019-02-01,2019-02-24,B,6
2255,2019-02-01,2019-02-24,A,11
2256,2019-02-02,2019-02-24,C,30
2257,2019-02-02,2019-02-24,B,12
2258,2019-02-02,2019-02-24,A,8
2259,2019-02-03,2019-02-24,C,3
2260,2019-02-03,2019-02-24,B,2
2261,2019-02-03,2019-02-24,A,0
2262,2019-02-04,2019-02-24,C,0
2263,2019-02-04,2019-02-24,B,0
2264,2019-02-04,2019-02-24,A,0
2265,2019-02-05,2019-02-24,C,25
2266,2019-02-05,2019-02-24,B,9
2267,2019-02-05,2019-02-24,A,3
2268,2019-02-06,2019-02-24,C,24
2269,2019-02-06,2019-02-24,B,14
2270,2019-02-06,2019-02-24,A,5
2271,2019-02-07,2019-02-24,C,25
2272,2019-02-07,2019-02-24,B,12
2273,2019-02-07,2019-02-24,A,3
2274,2019-02-08,2019-02-24,C,17
2275,2019-02-08,2019-02-24,B,12
2276,2019-02-08,2019-02-24,A,3
2277,2019-02-09,2019-02-24,C,21
2278,2019-02-09,2019-02-24,B,13
2279,2019-02-09,2019-02-24,A,6
2280,2019-02-10,2019-02-24,C,4
2281,2019-02-10,2019-02-24,B,1
2282,2019-02-10,2019-02-24,A,0
2283,2019-02-11,2019-02-24,C,0
2284,2019-02-11,2019-02-24,B,0
2285,2019-02-11,2019-02-24,A,0
2286,2019-02-12,2019-02-24,C,20
2287,2019-02-12,2019-02-24,B,8
2288,2019-02-12,2019-02-24,A,4
2289,2019-02-13,2019-02-24,C,25
2290,2019-02-13,2019-02-24,B,18
2291,2019-02-13,2019-02-24,A,8
2292,2019-02-14,2019-02-24,C,26
2293,2019-02-14,2019-02-24,B,10
2294,2019-02-14,2019-02-24,A,2
2295,2019-02-15,2019-02-24,C,17
2296,2019-02-15,2019-02-24,B,12
2297,2019-02-15,2019-02-24,A,4
2298,2019-02-16,2019-02-24,C,34
2299,2019-02-16,2019-02-24,B,13
2300,2019-02-16,2019-02-24,A,8
2301,2019-02-17,2019-02-24,C,3
2302,2019-02-17,2019-02-24,B,0
2303,2019-02-17,2019-02-24,A,1
2304,2019-02-18,2019-02-24,C,0
2305,2019-02-18,2019-02-24,B,0
2306,2019-02-18,2019-02-24,A,0
2307,2019-02-19,2019-02-24,C,17
2308,2019-02-19,2019-02-24,B,6
2309,2019-02-19,2019-02-24,A,3
2310,2019-02-20,2019-02-24,C,21
2311,2019-02-20,2019-02-24,B,12
2312,2019-02-20,2019-02-24,A,4
2313,2019-02-21,2019-02-24,C,25
2314,2019-02-21,2019-02-24,B,13
2315,2019-02-21,2019-02-24,A,4
2316,2019-02-22,2019-02-24,C,13
2317,2019-02-22,2019-02-24,B,4
2318,2019-02-22,2019-02-24,A,4
2319,2019-02-23,2019-02-24,C,27
2320,2019-02-23,2019-02-24,B,16
2321,2019-02-23,2019-02-24,A,12
2322,2019-02-24,2019-02-24,C,4
2323,2019-02-24,2019-02-24,B,2
2324,2019-02-24,2019-02-24,A,1
2325,2019-01-26,2019-02-25,C,28
2326,2019-01-26,2019-02-25,B,12
2327,2019-01-26,2019-02-25,A,5
2328,2019-01-27,2019-02-25,C,5
2329,2019-01-27,2019-02-25,B,3
2330,2019-01-27,2019-02-25,A,1
2331,2019-01-28,2019-02-25,C,0
2332,2019-01-28,2019-02-25,B,0
2333,2019-01-28,2019-02-25,A,0
2334,2019-01-29,2019-02-25,C,11
2335,2019-01-29,2019-02-25,B,9
2336,2019-01-29,2019-02-25,A,6
2337,2019-01-30,2019-02-25,C,16
2338,2019-01-30,2019-02-25,B,15
2339,2019-01-30,2019-02-25,A,6
2340,2019-01-31,2019-02-25,C,31
2341,2019-01-31,2019-02-25,B,13
2342,2019-01-31,2019-02-25,A,2
2343,2019-02-01,2019-02-25,C,18
2344,2019-02-01,2019-02-25,B,8
2345,2019-02-01,2019-02-25,A,3
2346,2019-02-02,2019-02-25,C,27
2347,2019-02-02,2019-02-25,B,23
2348,2019-02-02,2019-02-25,A,7
2349,2019-02-03,2019-02-25,C,1
2350,2019-02-03,2019-02-25,B,0
2351,2019-02-03,2019-02-25,A,0
2352,2019-02-04,2019-02-25,C,0
2353,2019-02-04,2019-02-25,B,0
2354,2019-02-04,2019-02-25,A,0
2355,2019-02-05,2019-02-25,C,18
2356,2019-02-05,2019-02-25,B,8
2357,2019-02-05,2019-02-25,A,7
2358,2019-02-06,2019-02-25,C,25
2359,2019-02-06,2019-02-25,B,15
2360,2019-02-06,2019-02-25,A,9
2361,2019-02-07,2019-02-25,C,27
2362,2019-02-07,2019-02-25,B,12
2363,2019-02-07,2019-02-25,A,8
2364,2019-02-08,2019-02-25,C,14
2365,2019-02-08,2019-02-25,B,9
2366,2019-02-08,2019-02-25,A,5
2367,2019-02-09,2019-02-25,C,39
2368,2019-02-09,2019-02-25,B,13
2369,2019-02-09,2019-02-25,A,4
2370,2019-02-10,2019-02-25,C,1
2371,2019-02-10,2019-02-25,B,3
2372,2019-02-10,2019-02-25,A,0
2373,2019-02-11,2019-02-25,C,0
2374,2019-02-11,2019-02-25,B,0
2375,2019-02-11,2019-02-25,A,0
2376,2019-02-12,2019-02-25,C,22
2377,2019-02-12,2019-02-25,B,7
2378,2019-02-12,2019-02-25,A,6
2379,2019-02-13,2019-02-25,C,19
2380,2019-02-13,2019-02-25,B,8
2381,2019-02-13,2019-02-25,A,7
2382,2019-02-14,2019-02-25,C,13
2383,2019-02-14,2019-02-25,B,5
2384,2019-02-14,2019-02-25,A,5
2385,2019-02-15,2019-02-25,C,24
2386,2019-02-15,2019-02-25,B,11
2387,2019-02-15,2019-02-25,A,6
2388,2019-02-16,2019-02-25,C,38
2389,2019-02-16,2019-02-25,B,18
2390,2019-02-16,2019-02-25,A,7
2391,2019-02-17,2019-02-25,C,4
2392,2019-02-17,2019-02-25,B,1
2393,2019-02-17,2019-02-25,A,2
2394,2019-02-18,2019-02-25,C,0
2395,2019-02-18,2019-02-25,B,0
2396,2019-02-18,2019-02-25,A,0
2397,2019-02-19,2019-02-25,C,29
2398,2019-02-19,2019-02-25,B,12
2399,2019-02-19,2019-02-25,A,6
2400,2019-02-20,2019-02-25,C,22
2401,2019-02-20,2019-02-25,B,7
2402,2019-02-20,2019-02-25,A,3
2403,2019-02-21,2019-02-25,C,26
2404,2019-02-21,2019-02-25,B,11
2405,2019-02-21,2019-02-25,A,5
2406,2019-02-22,2019-02-25,C,13
2407,2019-02-22,2019-02-25,B,7
2408,2019-02-22,2019-02-25,A,5
2409,2019-02-23,2019-02-25,C,26
2410,2019-02-23,2019-02-25,B,16
2411,2019-02-23,2019-02-25,A,8
2412,2019-02-24,2019-02-25,C,5
2413,2019-02-24,2019-02-25,B,3
2414,2019-02-24,2019-02-25,A,0
2415,2019-02-25,2019-02-25,C,0
2416,2019-02-25,2019-02-25,B,0
2417,2019-02-25,2019-02-25,A,0
2418,2019-01-27,2019-02-26,C,5
2419,2019-01-27,2019-02-26,B,0
2420,2019-01-27,2019-02-26,A,2
2421,2019-01-28,2019-02-26,C,0
2422,2019-01-28,2019-02-26,B,0
2423,2019-01-28,2019-02-26,A,0
2424,2019-01-29,2019-02-26,C,21
2425,2019-01-29,2019-02-26,B,8
2426,2019-01-29,2019-02-26,A,12
2427,2019-01-30,2019-02-26,C,28
2428,2019-01-30,2019-02-26,B,8
2429,2019-01-30,2019-02-26,A,6
2430,2019-01-31,2019-02-26,C,27
2431,2019-01-31,2019-02-26,B,13
2432,2019-01-31,2019-02-26,A,12
2433,2019-02-01,2019-02-26,C,11
2434,2019-02-01,2019-02-26,B,5
2435,2019-02-01,2019-02-26,A,4
2436,2019-02-02,2019-02-26,C,33
2437,2019-02-02,2019-02-26,B,18
2438,2019-02-02,2019-02-26,A,5
2439,2019-02-03,2019-02-26,C,3
2440,2019-02-03,2019-02-26,B,1
2441,2019-02-03,2019-02-26,A,0
2442,2019-02-04,2019-02-26,C,0
2443,2019-02-04,2019-02-26,B,0
2444,2019-02-04,2019-02-26,A,0
2445,2019-02-05,2019-02-26,C,21
2446,2019-02-05,2019-02-26,B,3
2447,2019-02-05,2019-02-26,A,3
2448,2019-02-06,2019-02-26,C,31
2449,2019-02-06,2019-02-26,B,14
2450,2019-02-06,2019-02-26,A,7
2451,2019-02-07,2019-02-26,C,38
2452,2019-02-07,2019-02-26,B,9
2453,2019-02-07,2019-02-26,A,7
2454,2019-02-08,2019-02-26,C,22
2455,2019-02-08,2019-02-26,B,11
2456,2019-02-08,2019-02-26,A,4
2457,2019-02-09,2019-02-26,C,29
2458,2019-02-09,2019-02-26,B,8
2459,2019-02-09,2019-02-26,A,3
2460,2019-02-10,2019-02-26,C,4
2461,2019-02-10,2019-02-26,B,3
2462,2019-02-10,2019-02-26,A,0
2463,2019-02-11,2019-02-26,C,0
2464,2019-02-11,2019-02-26,B,0
2465,2019-02-11,2019-02-26,A,0
2466,2019-02-12,2019-02-26,C,19
2467,2019-02-12,2019-02-26,B,12
2468,2019-02-12,2019-02-26,A,7
2469,2019-02-13,2019-02-26,C,18
2470,2019-02-13,2019-02-26,B,10
2471,2019-02-13,2019-02-26,A,6
2472,2019-02-14,2019-02-26,C,26
2473,2019-02-14,2019-02-26,B,13
2474,2019-02-14,2019-02-26,A,2
2475,2019-02-15,2019-02-26,C,15
2476,2019-02-15,2019-02-26,B,9
2477,2019-02-15,2019-02-26,A,3
2478,2019-02-16,2019-02-26,C,31
2479,2019-02-16,2019-02-26,B,13
2480,2019-02-16,2019-02-26,A,12
2481,2019-02-17,2019-02-26,C,3
2482,2019-02-17,2019-02-26,B,1
2483,2019-02-17,2019-02-26,A,0
2484,2019-02-18,2019-02-26,C,0
2485,2019-02-18,2019-02-26,B,0
2486,2019-02-18,2019-02-26,A,0
2487,2019-02-19,2019-02-26,C,19
2488,2019-02-19,2019-02-26,B,13
2489,2019-02-19,2019-02-26,A,6
2490,2019-02-20,2019-02-26,C,29
2491,2019-02-20,2019-02-26,B,17
2492,2019-02-20,2019-02-26,A,7
2493,2019-02-21,2019-02-26,C,31
2494,2019-02-21,2019-02-26,B,12
2495,2019-02-21,2019-02-26,A,10
2496,2019-02-22,2019-02-26,C,25
2497,2019-02-22,2019-02-26,B,9
2498,2019-02-22,2019-02-26,A,8
2499,2019-02-23,2019-02-26,C,25
2500,2019-02-23,2019-02-26,B,15
2501,2019-02-23,2019-02-26,A,8
2502,2019-02-24,2019-02-26,C,5
2503,2019-02-24,2019-02-26,B,3
2504,2019-02-24,2019-02-26,A,0
2505,2019-02-25,2019-02-26,C,0
2506,2019-02-25,2019-02-26,B,0
2507,2019-02-25,2019-02-26,A,0
2508,2019-02-26,2019-02-26,C,24
2509,2019-02-26,2019-02-26,B,13
2510,2019-02-26,2019-02-26,A,6
2511,2019-01-28,2019-02-27,C,0
2512,2019-01-28,2019-02-27,B,0
2513,2019-01-28,2019-02-27,A,0
2514,2019-01-29,2019-02-27,C,27
2515,2019-01-29,2019-02-27,B,14
2516,2019-01-29,2019-02-27,A,2
2517,2019-01-30,2019-02-27,C,33
2518,2019-01-30,2019-02-27,B,11
2519,2019-01-30,2019-02-27,A,6
2520,2019-01-31,2019-02-27,C,13
2521,2019-01-31,2019-02-27,B,6
2522,2019-01-31,2019-02-27,A,9
2523,2019-02-01,2019-02-27,C,16
2524,2019-02-01,2019-02-27,B,9
2525,2019-02-01,2019-02-27,A,4
2526,2019-02-02,2019-02-27,C,37
2527,2019-02-02,2019-02-27,B,11
2528,2019-02-02,2019-02-27,A,12
2529,2019-02-03,2019-02-27,C,5
2530,2019-02-03,2019-02-27,B,0
2531,2019-02-03,2019-02-27,A,1
2532,2019-02-04,2019-02-27,C,0
2533,2019-02-04,2019-02-27,B,0
2534,2019-02-04,2019-02-27,A,0
2535,2019-02-05,2019-02-27,C,20
2536,2019-02-05,2019-02-27,B,14
2537,2019-02-05,2019-02-27,A,4
2538,2019-02-06,2019-02-27,C,35
2539,2019-02-06,2019-02-27,B,10
2540,2019-02-06,2019-02-27,A,8
2541,2019-02-07,2019-02-27,C,22
2542,2019-02-07,2019-02-27,B,12
2543,2019-02-07,2019-02-27,A,8
2544,2019-02-08,2019-02-27,C,19
2545,2019-02-08,2019-02-27,B,8
2546,2019-02-08,2019-02-27,A,5
2547,2019-02-09,2019-02-27,C,26
2548,2019-02-09,2019-02-27,B,14
2549,2019-02-09,2019-02-27,A,8
2550,2019-02-10,2019-02-27,C,1
2551,2019-02-10,2019-02-27,B,2
2552,2019-02-10,2019-02-27,A,1
2553,2019-02-11,2019-02-27,C,0
2554,2019-02-11,2019-02-27,B,0
2555,2019-02-11,2019-02-27,A,0
2556,2019-02-12,2019-02-27,C,22
2557,2019-02-12,2019-02-27,B,7
2558,2019-02-12,2019-02-27,A,5
2559,2019-02-13,2019-02-27,C,27
2560,2019-02-13,2019-02-27,B,10
2561,2019-02-13,2019-02-27,A,7
2562,2019-02-14,2019-02-27,C,25
2563,2019-02-14,2019-02-27,B,14
2564,2019-02-14,2019-02-27,A,9
2565,2019-02-15,2019-02-27,C,15
2566,2019-02-15,2019-02-27,B,9
2567,2019-02-15,2019-02-27,A,6
2568,2019-02-16,2019-02-27,C,31
2569,2019-02-16,2019-02-27,B,9
2570,2019-02-16,2019-02-27,A,6
2571,2019-02-17,2019-02-27,C,1
2572,2019-02-17,2019-02-27,B,0
2573,2019-02-17,2019-02-27,A,0
2574,2019-02-18,2019-02-27,C,0
2575,2019-02-18,2019-02-27,B,0
2576,2019-02-18,2019-02-27,A,0
2577,2019-02-19,2019-02-27,C,21
2578,2019-02-19,2019-02-27,B,17
2579,2019-02-19,2019-02-27,A,7
2580,2019-02-20,2019-02-27,C,23
2581,2019-02-20,2019-02-27,B,11
2582,2019-02-20,2019-02-27,A,4
2583,2019-02-21,2019-02-27,C,29
2584,2019-02-21,2019-02-27,B,17
2585,2019-02-21,2019-02-27,A,6
2586,2019-02-22,2019-02-27,C,17
2587,2019-02-22,2019-02-27,B,10
2588,2019-02-22,2019-02-27,A,6
2589,2019-02-23,2019-02-27,C,42
2590,2019-02-23,2019-02-27,B,15
2591,2019-02-23,2019-02-27,A,10
2592,2019-02-24,2019-02-27,C,5
2593,2019-02-24,2019-02-27,B,3
2594,2019-02-24,2019-02-27,A,1
2595,2019-02-25,2019-02-27,C,0
2596,2019-02-25,2019-02-27,B,0
2597,2019-02-25,2019-02-27,A,0
2598,2019-02-26,2019-02-27,C,26
2599,2019-02-26,2019-02-27,B,6
2600,2019-02-26,2019-02-27,A,6
2601,2019-02-27,2019-02-27,C,30
2602,2019-02-27,2019-02-27,B,16
2603,2019-02-27,2019-02-27,A,5
2604,2019-01-29,2019-02-28,C,20
2605,2019-01-29,2019-02-28,B,11
2606,2019-01-29,2019-02-28,A,5
2607,2019-01-30,2019-02-28,C,23
2608,2019-01-30,2019-02-28,B,13
2609,2019-01-30,2019-02-28,A,6
2610,2019-01-31,2019-02-28,C,24
2611,2019-01-31,2019-02-28,B,17
2612,2019-01-31,2019-02-28,A,4
2613,2019-02-01,2019-02-28,C,15
2614,2019-02-01,2019-02-28,B,6
2615,2019-02-01,2019-02-28,A,4
2616,2019-02-02,2019-02-28,C,29
2617,2019-02-02,2019-02-28,B,18
2618,2019-02-02,2019-02-28,A,7
2619,2019-02-03,2019-02-28,C,3
2620,2019-02-03,2019-02-28,B,2
2621,2019-02-03,2019-02-28,A,2
2622,2019-02-04,2019-02-28,C,0
2623,2019-02-04,2019-02-28,B,0
2624,2019-02-04,2019-02-28,A,0
2625,2019-02-05,2019-02-28,C,26
2626,2019-02-05,2019-02-28,B,8
2627,2019-02-05,2019-02-28,A,8
2628,2019-02-06,2019-02-28,C,25
2629,2019-02-06,2019-02-28,B,15
2630,2019-02-06,2019-02-28,A,6
2631,2019-02-07,2019-02-28,C,30
2632,2019-02-07,2019-02-28,B,13
2633,2019-02-07,2019-02-28,A,13
2634,2019-02-08,2019-02-28,C,24
2635,2019-02-08,2019-02-28,B,8
2636,2019-02-08,2019-02-28,A,5
2637,2019-02-09,2019-02-28,C,35
2638,2019-02-09,2019-02-28,B,11
2639,2019-02-09,2019-02-28,A,15
2640,2019-02-10,2019-02-28,C,5
2641,2019-02-10,2019-02-28,B,1
2642,2019-02-10,2019-02-28,A,2
2643,2019-02-11,2019-02-28,C,0
2644,2019-02-11,2019-02-28,B,0
2645,2019-02-11,2019-02-28,A,0
2646,2019-02-12,2019-02-28,C,24
2647,2019-02-12,2019-02-28,B,11
2648,2019-02-12,2019-02-28,A,5
2649,2019-02-13,2019-02-28,C,20
2650,2019-02-13,2019-02-28,B,11
2651,2019-02-13,2019-02-28,A,6
2652,2019-02-14,2019-02-28,C,30
2653,2019-02-14,2019-02-28,B,9
2654,2019-02-14,2019-02-28,A,4
2655,2019-02-15,2019-02-28,C,29
2656,2019-02-15,2019-02-28,B,13
2657,2019-02-15,2019-02-28,A,4
2658,2019-02-16,2019-02-28,C,28
2659,2019-02-16,2019-02-28,B,21
2660,2019-02-16,2019-02-28,A,6
2661,2019-02-17,2019-02-28,C,5
2662,2019-02-17,2019-02-28,B,2
2663,2019-02-17,2019-02-28,A,4
2664,2019-02-18,2019-02-28,C,0
2665,2019-02-18,2019-02-28,B,0
2666,2019-02-18,2019-02-28,A,0
2667,2019-02-19,2019-02-28,C,19
2668,2019-02-19,2019-02-28,B,9
2669,2019-02-19,2019-02-28,A,8
2670,2019-02-20,2019-02-28,C,30
2671,2019-02-20,2019-02-28,B,11
2672,2019-02-20,2019-02-28,A,7
2673,2019-02-21,2019-02-28,C,20
2674,2019-02-21,2019-02-28,B,15
2675,2019-02-21,2019-02-28,A,7
2676,2019-02-22,2019-02-28,C,14
2677,2019-02-22,2019-02-28,B,11
2678,2019-02-22,2019-02-28,A,8
2679,2019-02-23,2019-02-28,C,26
2680,2019-02-23,2019-02-28,B,21
2681,2019-02-23,2019-02-28,A,9
2682,2019-02-24,2019-02-28,C,3
2683,2019-02-24,2019-02-28,B,5
2684,2019-02-24,2019-02-28,A,2
2685,2019-02-25,2019-02-28,C,0
2686,2019-02-25,2019-02-28,B,0
2687,2019-02-25,2019-02-28,A,0
2688,2019-02-26,2019-02-28,C,21
2689,2019-02-26,2019-02-28,B,9
2690,2019-02-26,2019-02-28,A,6
2691,2019-02-27,2019-02-28,C,19
2692,2019-02-27,2019-02-28,B,11
2693,2019-02-27,2019-02-28,A,3
2694,2019-02-28,2019-02-28,C,27
2695,2019-02-28,2019-02-28,B,14
2696,2019-02-28,2019-02-28,A,6
2697,2019-01-30,2019-03-01,C,27
2698,2019-01-30,2019-03-01,B,18
2699,2019-01-30,2019-03-01,A,7
2700,2019-01-31,2019-03-01,C,32
2701,2019-01-31,2019-03-01,B,12
2702,2019-01-31,2019-03-01,A,3
2703,2019-02-01,2019-03-01,C,18
2704,2019-02-01,2019-03-01,B,6
2705,2019-02-01,2019-03-01,A,3
2706,2019-02-02,2019-03-01,C,26
2707,2019-02-02,2019-03-01,B,11
2708,2019-02-02,2019-03-01,A,9
2709,2019-02-03,2019-03-01,C,4
2710,2019-02-03,2019-03-01,B,2
2711,2019-02-03,2019-03-01,A,0
2712,2019-02-04,2019-03-01,C,0
2713,2019-02-04,2019-03-01,B,0
2714,2019-02-04,2019-03-01,A,0
2715,2019-02-05,2019-03-01,C,24
2716,2019-02-05,2019-03-01,B,6
2717,2019-02-05,2019-03-01,A,5
2718,2019-02-06,2019-03-01,C,32
2719,2019-02-06,2019-03-01,B,16
2720,2019-02-06,2019-03-01,A,3
2721,2019-02-07,2019-03-01,C,31
2722,2019-02-07,2019-03-01,B,13
2723,2019-02-07,2019-03-01,A,5
2724,2019-02-08,2019-03-01,C,18
2725,2019-02-08,2019-03-01,B,21
2726,2019-02-08,2019-03-01,A,7
2727,2019-02-09,2019-03-01,C,22
2728,2019-02-09,2019-03-01,B,9
2729,2019-02-09,2019-03-01,A,11
2730,2019-02-10,2019-03-01,C,1
2731,2019-02-10,2019-03-01,B,4
2732,2019-02-10,2019-03-01,A,2
2733,2019-02-11,2019-03-01,C,0
2734,2019-02-11,2019-03-01,B,0
2735,2019-02-11,2019-03-01,A,0
2736,2019-02-12,2019-03-01,C,17
2737,2019-02-12,2019-03-01,B,11
2738,2019-02-12,2019-03-01,A,4
2739,2019-02-13,2019-03-01,C,22
2740,2019-02-13,2019-03-01,B,10
2741,2019-02-13,2019-03-01,A,3
2742,2019-02-14,2019-03-01,C,15
2743,2019-02-14,2019-03-01,B,12
2744,2019-02-14,2019-03-01,A,9
2745,2019-02-15,2019-03-01,C,12
2746,2019-02-15,2019-03-01,B,11
2747,2019-02-15,2019-03-01,A,5
2748,2019-02-16,2019-03-01,C,33
2749,2019-02-16,2019-03-01,B,12
2750,2019-02-16,2019-03-01,A,8
2751,2019-02-17,2019-03-01,C,5
2752,2019-02-17,2019-03-01,B,7
2753,2019-02-17,2019-03-01,A,1
2754,2019-02-18,2019-03-01,C,0
2755,2019-02-18,2019-03-01,B,0
2756,2019-02-18,2019-03-01,A,0
2757,2019-02-19,2019-03-01,C,17
2758,2019-02-19,2019-03-01,B,17
2759,2019-02-19,2019-03-01,A,2
2760,2019-02-20,2019-03-01,C,19
2761,2019-02-20,2019-03-01,B,14
2762,2019-02-20,2019-03-01,A,5
2763,2019-02-21,2019-03-01,C,31
2764,2019-02-21,2019-03-01,B,18
2765,2019-02-21,2019-03-01,A,5
2766,2019-02-22,2019-03-01,C,15
2767,2019-02-22,2019-03-01,B,7
2768,2019-02-22,2019-03-01,A,2
2769,2019-02-23,2019-03-01,C,39
2770,2019-02-23,2019-03-01,B,14
2771,2019-02-23,2019-03-01,A,8
2772,2019-02-24,2019-03-01,C,5
2773,2019-02-24,2019-03-01,B,1
2774,2019-02-24,2019-03-01,A,2
2775,2019-02-25,2019-03-01,C,0
2776,2019-02-25,2019-03-01,B,0
2777,2019-02-25,2019-03-01,A,0
2778,2019-02-26,2019-03-01,C,22
2779,2019-02-26,2019-03-01,B,5
2780,2019-02-26,2019-03-01,A,2
2781,2019-02-27,2019-03-01,C,25
2782,2019-02-27,2019-03-01,B,10
2783,2019-02-27,2019-03-01,A,6
2784,2019-02-28,2019-03-01,C,26
2785,2019-02-28,2019-03-01,B,15
2786,2019-02-28,2019-03-01,A,1
2787,2019-03-01,2019-03-01,C,15
2788,2019-03-01,2019-03-01,B,11
2789,2019-03-01,2019-03-01,A,2
