,from_node,from_name,to_node,to_name,time,distance
0,0,札幌市,0,札幌市,0,0
1,0,札幌市,1,青森市,23888,427015
2,0,札幌市,2,盛岡市,28257,546453
3,0,札幌市,3,仙台市,36161,721614
4,0,札幌市,4,秋田市,31428,610043
5,0,札幌市,5,山形市,38468,781532
6,0,札幌市,6,福島市,40019,799268
7,0,札幌市,7,水戸市,48085,980277
8,0,札幌市,8,宇都宮市,47522,961077
9,0,札幌市,9,前橋市,51517,1050265
10,0,札幌市,10,さいたま市,51609,1053644
11,0,札幌市,11,千葉市,52978,1086868
12,0,札幌市,12,新宿区,52652,1072932
13,0,札幌市,13,横浜市,53830,1102187
14,0,札幌市,14,新潟市,42865,865510
15,0,札幌市,15,富山市,53283,1108557
16,0,札幌市,16,金沢市,55480,1161717
17,0,札幌市,17,福井市,58603,1239195
18,0,札幌市,18,甲府市,58024,1171994
19,0,札幌市,19,長野市,51228,1045360
20,0,札幌市,20,岐阜市,62700,1306897
21,0,札幌市,21,静岡市,60527,1243693
22,0,札幌市,22,名古屋市,62813,1295620
23,0,札幌市,23,津市,66159,1375527
24,0,札幌市,24,大津市,64360,1378154
25,0,札幌市,25,京都市,65039,1390659
26,0,札幌市,26,大阪市,67411,1439723
27,0,札幌市,27,神戸市,68139,1456243
28,0,札幌市,28,奈良市,66779,1422378
29,0,札幌市,29,和歌山市,70744,1510534
30,0,札幌市,30,鳥取市,70604,1525232
31,0,札幌市,31,松江市,75487,1643775
32,0,札幌市,32,岡山市,73210,1582581
33,0,札幌市,33,広島市,80114,1745203
34,0,札幌市,34,山口市,84909,1871278
35,0,札幌市,35,徳島市,73231,1565344
36,0,札幌市,36,高松市,76206,1615871
37,0,札幌市,37,松山市,81004,1764065
38,0,札幌市,38,高知市,81018,1748588
39,0,札幌市,39,福岡市,91840,2009600
40,0,札幌市,40,佐賀市,93743,2055840
41,0,札幌市,41,長崎市,97643,2144769
42,0,札幌市,42,熊本市,95595,2102906
43,0,札幌市,43,大分市,94221,2065143
44,0,札幌市,44,宮崎市,102356,2247148
45,0,札幌市,45,鹿児島市,105199,2288685
46,0,札幌市,46,那覇市,583086,3080358
47,1,青森市,0,札幌市,23878,426987
48,1,青森市,1,青森市,0,0
49,1,青森市,2,盛岡市,8757,183876
50,1,青森市,3,仙台市,16619,358194
51,1,青森市,4,秋田市,8645,178548
52,1,青森市,5,山形市,16615,364415
53,1,青森市,6,福島市,20441,452065
54,1,青森市,7,水戸市,28285,627085
55,1,青森市,8,宇都宮市,27708,607776
56,1,青森市,9,前橋市,30064,642055
57,1,青森市,10,さいたま市,31810,700453
58,1,青森市,11,千葉市,33178,733677
59,1,青森市,12,新宿区,32852,719741
60,1,青森市,13,横浜市,34030,748995
61,1,青森市,14,新潟市,20082,434015
62,1,青森市,15,富山市,30500,677062
63,1,青森市,16,金沢市,32697,730221
64,1,青森市,17,福井市,35820,807700
65,1,青森市,18,甲府市,35617,768766
66,1,青森市,19,長野市,28445,613865
67,1,青森市,20,岐阜市,39917,875401
68,1,青森市,21,静岡市,39384,854640
69,1,青森市,22,名古屋市,40030,864125
70,1,青森市,23,津市,43376,944032
71,1,青森市,24,大津市,41577,946659
72,1,青森市,25,京都市,42256,959164
73,1,青森市,26,大阪市,44628,1008228
74,1,青森市,27,神戸市,45356,1024748
75,1,青森市,28,奈良市,43996,990882
76,1,青森市,29,和歌山市,47961,1079039
77,1,青森市,30,鳥取市,47821,1093737
78,1,青森市,31,松江市,52704,1212280
79,1,青森市,32,岡山市,50427,1151086
80,1,青森市,33,広島市,57331,1313707
81,1,青森市,34,山口市,62126,1439783
82,1,青森市,35,徳島市,50448,1133849
83,1,青森市,36,高松市,53424,1184376
84,1,青森市,37,松山市,58221,1332570
85,1,青森市,38,高知市,58235,1317093
86,1,青森市,39,福岡市,69057,1578105
87,1,青森市,40,佐賀市,70960,1624345
88,1,青森市,41,長崎市,74860,1713274
89,1,青森市,42,熊本市,72812,1671411
90,1,青森市,43,大分市,71438,1633648
91,1,青森市,44,宮崎市,79573,1815653
92,1,青森市,45,鹿児島市,82416,1857189
93,1,青森市,46,那覇市,560303,2648863
94,2,盛岡市,0,札幌市,28463,546501
95,2,盛岡市,1,青森市,8947,183838
96,2,盛岡市,2,盛岡市,0,0
97,2,盛岡市,3,仙台市,8276,179349
98,2,盛岡市,4,秋田市,5282,116446
99,2,盛岡市,5,山形市,10684,243853
100,2,盛岡市,6,福島市,12135,257003
101,2,盛岡市,7,水戸市,20200,438012
102,2,盛岡市,8,宇都宮市,19637,418812
103,2,盛岡市,9,前橋市,23632,508001
104,2,盛岡市,10,さいたま市,23724,511380
105,2,盛岡市,11,千葉市,25093,544603
106,2,盛岡市,12,新宿区,24767,530667
107,2,盛岡市,13,横浜市,25945,559922
108,2,盛岡市,14,新潟市,15970,354971
109,2,盛岡市,15,富山市,26387,598018
110,2,盛岡市,16,金沢市,28584,651177
111,2,盛岡市,17,福井市,31707,728656
112,2,盛岡市,18,甲府市,30140,629730
113,2,盛岡市,19,長野市,24332,534821
114,2,盛岡市,20,岐阜市,35804,796357
115,2,盛岡市,21,静岡市,32643,701428
116,2,盛岡市,22,名古屋市,35918,785081
117,2,盛岡市,23,津市,39263,864988
118,2,盛岡市,24,大津市,37464,867615
119,2,盛岡市,25,京都市,38144,880120
120,2,盛岡市,26,大阪市,40515,929184
121,2,盛岡市,27,神戸市,41243,945704
122,2,盛岡市,28,奈良市,39883,911838
123,2,盛岡市,29,和歌山市,43848,999995
124,2,盛岡市,30,鳥取市,43708,1014693
125,2,盛岡市,31,松江市,48592,1133236
126,2,盛岡市,32,岡山市,46314,1072042
127,2,盛岡市,33,広島市,53218,1234663
128,2,盛岡市,34,山口市,58013,1360738
129,2,盛岡市,35,徳島市,46335,1054805
130,2,盛岡市,36,高松市,49311,1105331
131,2,盛岡市,37,松山市,54108,1253526
132,2,盛岡市,38,高知市,54122,1238049
133,2,盛岡市,39,福岡市,64944,1499061
134,2,盛岡市,40,佐賀市,66848,1545301
135,2,盛岡市,41,長崎市,70747,1634230
136,2,盛岡市,42,熊本市,68699,1592367
137,2,盛岡市,43,大分市,67325,1554604
138,2,盛岡市,44,宮崎市,75460,1736609
139,2,盛岡市,45,鹿児島市,78303,1778145
140,2,盛岡市,46,那覇市,556190,2569819
141,3,仙台市,0,札幌市,36234,723056
142,3,仙台市,1,青森市,16676,359594
143,3,仙台市,2,盛岡市,8363,180929
144,3,仙台市,3,仙台市,0,0
145,3,仙台市,4,秋田市,10252,225931
146,3,仙台市,5,山形市,2924,59094
147,3,仙台市,6,福島市,4217,80166
148,3,仙台市,7,水戸市,12283,261175
149,3,仙台市,8,宇都宮市,11720,241975
150,3,仙台市,9,前橋市,15714,331164
151,3,仙台市,10,さいたま市,15807,334543
152,3,仙台市,11,千葉市,17176,367766
153,3,仙台市,12,新宿区,16849,353830
154,3,仙台市,13,横浜市,18027,383085
155,3,仙台市,14,新潟市,10031,219796
156,3,仙台市,15,富山市,20448,462843
157,3,仙台市,16,金沢市,22645,516002
158,3,仙台市,17,福井市,25768,593481
159,3,仙台市,18,甲府市,22222,452893
160,3,仙台市,19,長野市,18393,399646
161,3,仙台市,20,岐阜市,29865,661182
162,3,仙台市,21,静岡市,24725,524591
163,3,仙台市,22,名古屋市,29979,649906
164,3,仙台市,23,津市,33324,729813
165,3,仙台市,24,大津市,31525,732440
166,3,仙台市,25,京都市,32205,744945
167,3,仙台市,26,大阪市,34576,794009
168,3,仙台市,27,神戸市,35304,810529
169,3,仙台市,28,奈良市,33944,776663
170,3,仙台市,29,和歌山市,37909,864820
171,3,仙台市,30,鳥取市,37769,879518
172,3,仙台市,31,松江市,42653,998061
173,3,仙台市,32,岡山市,40375,936867
174,3,仙台市,33,広島市,47279,1099488
175,3,仙台市,34,山口市,52074,1225563
176,3,仙台市,35,徳島市,40396,919630
177,3,仙台市,36,高松市,43372,970157
178,3,仙台市,37,松山市,48169,1118351
179,3,仙台市,38,高知市,48183,1102874
180,3,仙台市,39,福岡市,59005,1363886
181,3,仙台市,40,佐賀市,60909,1410126
182,3,仙台市,41,長崎市,64808,1499055
183,3,仙台市,42,熊本市,62760,1457192
184,3,仙台市,43,大分市,61386,1419429
185,3,仙台市,44,宮崎市,69521,1601434
186,3,仙台市,45,鹿児島市,72364,1642970
187,3,仙台市,46,那覇市,550251,2434644
188,4,秋田市,0,札幌市,31405,609824
189,4,秋田市,1,青森市,8564,176873
190,4,秋田市,2,盛岡市,5292,116708
191,4,秋田市,3,仙台市,10194,224729
192,4,秋田市,4,秋田市,0,0
193,4,秋田市,5,山形市,8916,200884
194,4,秋田市,6,福島市,12742,288535
195,4,秋田市,7,水戸市,20587,463555
196,4,秋田市,8,宇都宮市,20010,444245
197,4,秋田市,9,前橋市,21765,466866
198,4,秋田市,10,さいたま市,24111,536923
199,4,秋田市,11,千葉市,25480,570146
200,4,秋田市,12,新宿区,25154,556210
201,4,秋田市,13,横浜市,26332,585465
202,4,秋田市,14,新潟市,11784,258826
203,4,秋田市,15,富山市,22201,501873
204,4,秋田市,16,金沢市,24398,555033
205,4,秋田市,17,福井市,27521,632511
206,4,秋田市,18,甲府市,27319,593577
207,4,秋田市,19,長野市,20146,438677
208,4,秋田市,20,岐阜市,31618,700213
209,4,秋田市,21,静岡市,31086,679452
210,4,秋田市,22,名古屋市,31732,688936
211,4,秋田市,23,津市,35077,768843
212,4,秋田市,24,大津市,33279,771470
213,4,秋田市,25,京都市,33958,783975
214,4,秋田市,26,大阪市,36329,833039
215,4,秋田市,27,神戸市,37058,849559
216,4,秋田市,28,奈良市,35697,815694
217,4,秋田市,29,和歌山市,39662,903851
218,4,秋田市,30,鳥取市,39522,918548
219,4,秋田市,31,松江市,44406,1037091
220,4,秋田市,32,岡山市,42129,975897
221,4,秋田市,33,広島市,49032,1138519
222,4,秋田市,34,山口市,53827,1264594
223,4,秋田市,35,徳島市,42149,958660
224,4,秋田市,36,高松市,45125,1009187
225,4,秋田市,37,松山市,49923,1157381
226,4,秋田市,38,高知市,49937,1141904
227,4,秋田市,39,福岡市,60758,1402916
228,4,秋田市,40,佐賀市,62662,1449157
229,4,秋田市,41,長崎市,66562,1538085
230,4,秋田市,42,熊本市,64513,1496222
231,4,秋田市,43,大分市,63139,1458459
232,4,秋田市,44,宮崎市,71274,1640464
233,4,秋田市,45,鹿児島市,74117,1682001
234,4,秋田市,46,那覇市,552004,2473674
235,5,山形市,0,札幌市,38455,781177
236,5,山形市,1,青森市,16626,364420
237,5,山形市,2,盛岡市,10703,241732
238,5,山形市,3,仙台市,2945,59219
239,5,山形市,4,秋田市,8952,201264
240,5,山形市,5,山形市,0,0
241,5,山形市,6,福島市,4026,89741
242,5,山形市,7,水戸市,11870,264761
243,5,山形市,8,宇都宮市,11293,245452
244,5,山形市,9,前橋市,15288,334640
245,5,山形市,10,さいたま市,15394,338129
246,5,山形市,11,千葉市,16763,371353
247,5,山形市,12,新宿区,16437,357416
248,5,山形市,13,横浜市,17615,386671
249,5,山形市,14,新潟市,7181,161139
250,5,山形市,15,富山市,17598,404186
251,5,山形市,16,金沢市,19795,457345
252,5,山形市,17,福井市,22918,534824
253,5,山形市,18,甲府市,21795,456369
254,5,山形市,19,長野市,15543,340989
255,5,山形市,20,岐阜市,27015,602525
256,5,山形市,21,静岡市,24313,528177
257,5,山形市,22,名古屋市,27129,591248
258,5,山形市,23,津市,30474,671156
259,5,山形市,24,大津市,28675,673783
260,5,山形市,25,京都市,29355,686288
261,5,山形市,26,大阪市,31726,735352
262,5,山形市,27,神戸市,32454,751872
263,5,山形市,28,奈良市,31094,718006
264,5,山形市,29,和歌山市,35059,806163
265,5,山形市,30,鳥取市,34919,820861
266,5,山形市,31,松江市,39803,939404
267,5,山形市,32,岡山市,37526,878209
268,5,山形市,33,広島市,44429,1040831
269,5,山形市,34,山口市,49224,1166906
270,5,山形市,35,徳島市,37546,860973
271,5,山形市,36,高松市,40522,911499
272,5,山形市,37,松山市,45319,1059694
273,5,山形市,38,高知市,45333,1044216
274,5,山形市,39,福岡市,56155,1305228
275,5,山形市,40,佐賀市,58059,1351469
276,5,山形市,41,長崎市,61958,1440398
277,5,山形市,42,熊本市,59910,1398535
278,5,山形市,43,大分市,58536,1360772
279,5,山形市,44,宮崎市,66671,1542776
280,5,山形市,45,鹿児島市,69514,1584313
281,5,山形市,46,那覇市,547401,2375987
282,6,福島市,0,札幌市,40119,800395
283,6,福島市,1,青森市,20457,452677
284,6,福島市,2,盛岡市,12249,258268
285,6,福島市,3,仙台市,4316,81244
286,6,福島市,4,秋田市,12783,289521
287,6,福島市,5,山形市,4031,90418
288,6,福島市,6,福島市,0,0
289,6,福島市,7,水戸市,8291,182607
290,6,福島市,8,宇都宮市,7728,163407
291,6,福島市,9,前橋市,11723,252596
292,6,福島市,10,さいたま市,11815,255975
293,6,福島市,11,千葉市,13184,289199
294,6,福島市,12,新宿区,12858,275262
295,6,福島市,13,横浜市,14036,304517
296,6,福島市,14,新潟市,7967,174797
297,6,福島市,15,富山市,17981,402173
298,6,福島市,16,金沢市,20178,455333
299,6,福島市,17,福井市,23301,532811
300,6,福島市,18,甲府市,18230,374325
301,6,福島市,19,長野市,14761,321647
302,6,福島市,20,岐阜市,27064,581369
303,6,福島市,21,静岡市,20733,446023
304,6,福島市,22,名古屋市,26269,568391
305,6,福島市,23,津市,29614,648298
306,6,福島市,24,大津市,29058,671770
307,6,福島市,25,京都市,29738,684275
308,6,福島市,26,大阪市,32109,733339
309,6,福島市,27,神戸市,32837,749859
310,6,福島市,28,奈良市,31477,715994
311,6,福島市,29,和歌山市,35442,804150
312,6,福島市,30,鳥取市,35302,818848
313,6,福島市,31,松江市,40186,937391
314,6,福島市,32,岡山市,37909,876197
315,6,福島市,33,広島市,44812,1038819
316,6,福島市,34,山口市,49607,1164894
317,6,福島市,35,徳島市,37929,858960
318,6,福島市,36,高松市,40905,909487
319,6,福島市,37,松山市,45702,1057681
320,6,福島市,38,高知市,45716,1042204
321,6,福島市,39,福岡市,56538,1303216
322,6,福島市,40,佐賀市,58442,1349456
323,6,福島市,41,長崎市,62341,1438385
324,6,福島市,42,熊本市,60293,1396522
325,6,福島市,43,大分市,58919,1358759
326,6,福島市,44,宮崎市,67054,1540764
327,6,福島市,45,鹿児島市,69897,1582300
328,6,福島市,46,那覇市,547784,2373974
329,7,水戸市,0,札幌市,48199,981544
330,7,水戸市,1,青森市,28312,627304
331,7,水戸市,2,盛岡市,20328,439417
332,7,水戸市,3,仙台市,12396,262393
333,7,水戸市,4,秋田市,20638,464148
334,7,水戸市,5,山形市,11886,265045
335,7,水戸市,6,福島市,8304,182703
336,7,水戸市,7,水戸市,0,0
337,7,水戸市,8,宇都宮市,3737,74344
338,7,水戸市,9,前橋市,6988,143339
339,7,水戸市,10,さいたま市,5218,104320
340,7,水戸市,11,千葉市,5114,106012
341,7,水戸市,12,新宿区,5523,111672
342,7,水戸市,13,横浜市,6734,140415
343,7,水戸市,14,新潟市,13080,289372
344,7,水戸市,15,富山市,20389,431082
345,7,水戸市,16,金沢市,22586,484242
346,7,水戸市,17,福井市,25492,526526
347,7,水戸市,18,甲府市,11880,227595
348,7,水戸市,19,長野市,13945,271662
349,7,水戸市,20,岐阜市,21670,486053
350,7,水戸市,21,静岡市,13374,281137
351,7,水戸市,22,名古屋市,20303,452120
352,7,水戸市,23,津市,22682,500459
353,7,水戸市,24,大津市,24650,552255
354,7,水戸市,25,京都市,25493,565037
355,7,水戸市,26,大阪市,27057,614500
356,7,水戸市,27,神戸市,28354,644265
357,7,水戸市,28,奈良市,25426,566621
358,7,水戸市,29,和歌山市,29351,655414
359,7,水戸市,30,鳥取市,34458,760657
360,7,水戸市,31,松江市,39278,872819
361,7,水戸市,32,岡山市,34539,758107
362,7,水戸市,33,広島市,41442,920729
363,7,水戸市,34,山口市,46479,1046898
364,7,水戸市,35,徳島市,33446,753366
365,7,水戸市,36,高松市,36422,803893
366,7,水戸市,37,松山市,42333,939592
367,7,水戸市,38,高知市,41247,903790
368,7,水戸市,39,福岡市,53169,1185127
369,7,水戸市,40,佐賀市,55072,1231367
370,7,水戸市,41,長崎市,58972,1320296
371,7,水戸市,42,熊本市,56923,1278433
372,7,水戸市,43,大分市,55550,1240670
373,7,水戸市,44,宮崎市,63685,1422674
374,7,水戸市,45,鹿児島市,66528,1464211
375,7,水戸市,46,那覇市,544415,2255884
376,8,宇都宮市,0,札幌市,47643,963469
377,8,宇都宮市,1,青森市,27727,608915
378,8,宇都宮市,2,盛岡市,19773,421343
379,8,宇都宮市,3,仙台市,11840,244319
380,8,宇都宮市,4,秋田市,20053,445759
381,8,宇都宮市,5,山形市,11301,246656
382,8,宇都宮市,6,福島市,7748,164628
383,8,宇都宮市,7,水戸市,3732,74265
384,8,宇都宮市,8,宇都宮市,0,0
385,8,宇都宮市,9,前橋市,4911,96889
386,8,宇都宮市,10,さいたま市,4651,95162
387,8,宇都宮市,11,千葉市,6478,125694
388,8,宇都宮市,12,新宿区,5694,114450
389,8,宇都宮市,13,横浜市,6872,143705
390,8,宇都宮市,14,新潟市,11817,258016
391,8,宇都宮市,15,富山市,18312,384632
392,8,宇都宮市,16,金沢市,20509,437792
393,8,宇都宮市,17,福井市,23415,480075
394,8,宇都宮市,18,甲府市,11141,213145
395,8,宇都宮市,19,長野市,11868,225212
396,8,宇都宮市,20,岐阜市,21865,490127
397,8,宇都宮市,21,静岡市,13569,285211
398,8,宇都宮市,22,名古屋市,20498,456194
399,8,宇都宮市,23,津市,22877,504533
400,8,宇都宮市,24,大津市,24845,556329
401,8,宇都宮市,25,京都市,25688,569111
402,8,宇都宮市,26,大阪市,27252,618574
403,8,宇都宮市,27,神戸市,28549,648339
404,8,宇都宮市,28,奈良市,25621,570694
405,8,宇都宮市,29,和歌山市,29546,659488
406,8,宇都宮市,30,鳥取市,34653,764731
407,8,宇都宮市,31,松江市,39473,876893
408,8,宇都宮市,32,岡山市,34734,762181
409,8,宇都宮市,33,広島市,41637,924803
410,8,宇都宮市,34,山口市,46674,1050972
411,8,宇都宮市,35,徳島市,33641,757440
412,8,宇都宮市,36,高松市,36617,807967
413,8,宇都宮市,37,松山市,42528,943665
414,8,宇都宮市,38,高知市,41442,907864
415,8,宇都宮市,39,福岡市,53364,1189200
416,8,宇都宮市,40,佐賀市,55267,1235441
417,8,宇都宮市,41,長崎市,59167,1324370
418,8,宇都宮市,42,熊本市,57118,1282507
419,8,宇都宮市,43,大分市,55745,1244744
420,8,宇都宮市,44,宮崎市,63880,1426748
421,8,宇都宮市,45,鹿児島市,66723,1468285
422,8,宇都宮市,46,那覇市,544610,2259958
423,9,前橋市,0,札幌市,51587,1051372
424,9,前橋市,1,青森市,30025,641086
425,9,前橋市,2,盛岡市,23716,509245
426,9,前橋市,3,仙台市,15784,332221
427,9,前橋市,4,秋田市,21812,467626
428,9,前橋市,5,山形市,15245,334558
429,9,前橋市,6,福島市,11692,252531
430,9,前橋市,7,水戸市,6995,143374
431,9,前橋市,8,宇都宮市,4897,96802
432,9,前橋市,9,前橋市,0,0
433,9,前橋市,10,さいたま市,4574,94186
434,9,前橋市,11,千葉市,7455,155777
435,9,前橋市,12,新宿区,5654,110531
436,9,前橋市,13,横浜市,7201,154605
437,9,前橋市,14,新潟市,10315,211828
438,9,前橋市,15,富山市,13784,286580
439,9,前橋市,16,金沢市,15981,339740
440,9,前橋市,17,福井市,19104,417219
441,9,前橋市,18,甲府市,8662,145385
442,9,前橋市,19,長野市,7340,127160
443,9,前橋市,20,岐阜市,18361,357951
444,9,前橋市,21,静岡市,12701,268779
445,9,前橋市,22,名古屋市,17566,344973
446,9,前橋市,23,津市,20911,424880
447,9,前橋市,24,大津市,22596,470499
448,9,前橋市,25,京都市,23439,483281
449,9,前橋市,26,大阪市,25093,527249
450,9,前橋市,27,神戸市,26390,557014
451,9,前橋市,28,奈良市,23462,479370
452,9,前橋市,29,和歌山市,27386,568163
453,9,前橋市,30,鳥取市,31105,703256
454,9,前橋市,31,松江市,35989,821798
455,9,前橋市,32,岡山市,32485,676351
456,9,前橋市,33,広島市,39388,838973
457,9,前橋市,34,山口市,44425,965142
458,9,前橋市,35,徳島市,31481,666116
459,9,前橋市,36,高松市,34457,716642
460,9,前橋市,37,松山市,40279,857836
461,9,前橋市,38,高知市,39282,816540
462,9,前橋市,39,福岡市,51115,1103370
463,9,前橋市,40,佐賀市,53018,1149611
464,9,前橋市,41,長崎市,56918,1238540
465,9,前橋市,42,熊本市,54870,1196677
466,9,前橋市,43,大分市,53496,1158914
467,9,前橋市,44,宮崎市,61631,1340918
468,9,前橋市,45,鹿児島市,64474,1382455
469,9,前橋市,46,那覇市,542361,2174128
470,10,さいたま市,0,札幌市,51732,1055238
471,10,さいたま市,1,青森市,31844,700999
472,10,さいたま市,2,盛岡市,23861,513111
473,10,さいたま市,3,仙台市,15929,336088
474,10,さいたま市,4,秋田市,24170,537843
475,10,さいたま市,5,山形市,15419,338740
476,10,さいたま市,6,福島市,11836,256397
477,10,さいたま市,7,水戸市,5104,103903
478,10,さいたま市,8,宇都宮市,4683,95118
479,10,さいたま市,9,前橋市,4608,94189
480,10,さいたま市,10,さいたま市,0,0
481,10,さいたま市,11,千葉市,3099,60221
482,10,さいたま市,12,新宿区,1507,26244
483,10,さいたま市,13,横浜市,2987,65249
484,10,さいたま市,14,新潟市,14177,297806
485,10,さいたま市,15,富山市,17426,344475
486,10,さいたま市,16,金沢市,19742,393095
487,10,さいたま市,17,福井市,22205,455860
488,10,さいたま市,18,甲府市,7138,127781
489,10,さいたま市,19,長野市,10751,210700
490,10,さいたま市,20,岐阜市,17614,394793
491,10,さいたま市,21,静岡市,9318,189877
492,10,さいたま市,22,名古屋市,16247,360861
493,10,さいたま市,23,津市,18626,409199
494,10,さいたま市,24,大津市,20594,460995
495,10,さいたま市,25,京都市,21437,473777
496,10,さいたま市,26,大阪市,23001,523240
497,10,さいたま市,27,神戸市,24298,553005
498,10,さいたま市,28,奈良市,21370,475361
499,10,さいたま市,29,和歌山市,25295,564154
500,10,さいたま市,30,鳥取市,30402,669397
501,10,さいたま市,31,松江市,35222,781559
502,10,さいたま市,32,岡山市,30483,666848
503,10,さいたま市,33,広島市,37386,829469
504,10,さいたま市,34,山口市,42423,955638
505,10,さいたま市,35,徳島市,29389,662107
506,10,さいたま市,36,高松市,32365,712633
507,10,さいたま市,37,松山市,38276,848332
508,10,さいたま市,38,高知市,37190,812531
509,10,さいたま市,39,福岡市,49112,1093867
510,10,さいたま市,40,佐賀市,51016,1140107
511,10,さいたま市,41,長崎市,54915,1229036
512,10,さいたま市,42,熊本市,52867,1187173
513,10,さいたま市,43,大分市,51493,1149410
514,10,さいたま市,44,宮崎市,59628,1331415
515,10,さいたま市,45,鹿児島市,62471,1372951
516,10,さいたま市,46,那覇市,540358,2164625
517,11,千葉市,0,札幌市,53103,1088127
518,11,千葉市,1,青森市,33216,733888
519,11,千葉市,2,盛岡市,25232,546001
520,11,千葉市,3,仙台市,17300,368977
521,11,千葉市,4,秋田市,25542,570732
522,11,千葉市,5,山形市,16790,371629
523,11,千葉市,6,福島市,13208,289286
524,11,千葉市,7,水戸市,5119,106021
525,11,千葉市,8,宇都宮市,6472,125813
526,11,千葉市,9,前橋市,7557,155458
527,11,千葉市,10,さいたま市,3175,60680
528,11,千葉市,11,千葉市,0,0
529,11,千葉市,12,新宿区,2551,46105
530,11,千葉市,13,横浜市,3189,68213
531,11,千葉市,14,新潟市,17126,359074
532,11,千葉市,15,富山市,19643,381571
533,11,千葉市,16,金沢市,21959,430191
534,11,千葉市,17,福井市,24007,547632
535,11,千葉市,18,甲府市,8909,162027
536,11,千葉市,19,長野市,13700,271969
537,11,千葉市,20,岐阜市,18699,420486
538,11,千葉市,21,静岡市,10403,215570
539,11,千葉市,22,名古屋市,17332,386553
540,11,千葉市,23,津市,19711,434892
541,11,千葉市,24,大津市,21679,486688
542,11,千葉市,25,京都市,22523,499470
543,11,千葉市,26,大阪市,24086,548933
544,11,千葉市,27,神戸市,25383,578698
545,11,千葉市,28,奈良市,22456,501053
546,11,千葉市,29,和歌山市,26380,589847
547,11,千葉市,30,鳥取市,31487,695090
548,11,千葉市,31,松江市,36307,807252
549,11,千葉市,32,岡山市,31568,692540
550,11,千葉市,33,広島市,38472,855162
551,11,千葉市,34,山口市,43508,981331
552,11,千葉市,35,徳島市,30475,687799
553,11,千葉市,36,高松市,33451,738326
554,11,千葉市,37,松山市,39362,874024
555,11,千葉市,38,高知市,38276,838223
556,11,千葉市,39,福岡市,50198,1119559
557,11,千葉市,40,佐賀市,52101,1165800
558,11,千葉市,41,長崎市,56001,1254729
559,11,千葉市,42,熊本市,53953,1212866
560,11,千葉市,43,大分市,52579,1175103
561,11,千葉市,44,宮崎市,60714,1357107
562,11,千葉市,45,鹿児島市,63557,1398644
563,11,千葉市,46,那覇市,541444,2190317
564,12,新宿区,0,札幌市,52603,1074056
565,12,新宿区,1,青森市,32715,719816
566,12,新宿区,2,盛岡市,24732,531929
567,12,新宿区,3,仙台市,16800,354906
568,12,新宿区,4,秋田市,25041,556661
569,12,新宿区,5,山形市,16290,357558
570,12,新宿区,6,福島市,12707,275215
571,12,新宿区,7,水戸市,5528,111349
572,12,新宿区,8,宇都宮市,5554,113936
573,12,新宿区,9,前橋市,5474,115055
574,12,新宿区,10,さいたま市,1215,25745
575,12,新宿区,11,千葉市,2538,45444
576,12,新宿区,12,新宿区,0,0
577,12,新宿区,13,横浜市,2097,40278
578,12,新宿区,14,新潟市,15043,318672
579,12,新宿区,15,富山市,17246,336852
580,12,新宿区,16,金沢市,19562,385472
581,12,新宿区,17,福井市,21918,504834
582,12,新宿区,18,甲府市,6512,117309
583,12,新宿区,19,長野市,11617,231567
584,12,新宿区,20,岐阜市,16611,377688
585,12,新宿区,21,静岡市,8314,172772
586,12,新宿区,22,名古屋市,15244,343755
587,12,新宿区,23,津市,17622,392094
588,12,新宿区,24,大津市,19590,443890
589,12,新宿区,25,京都市,20434,456672
590,12,新宿区,26,大阪市,21998,506135
591,12,新宿区,27,神戸市,23294,535900
592,12,新宿区,28,奈良市,20367,458256
593,12,新宿区,29,和歌山市,24291,547049
594,12,新宿区,30,鳥取市,29398,652292
595,12,新宿区,31,松江市,34219,764454
596,12,新宿区,32,岡山市,29479,649742
597,12,新宿区,33,広島市,36383,812364
598,12,新宿区,34,山口市,41419,938533
599,12,新宿区,35,徳島市,28386,645001
600,12,新宿区,36,高松市,31362,695528
601,12,新宿区,37,松山市,37273,831227
602,12,新宿区,38,高知市,36187,795425
603,12,新宿区,39,福岡市,48109,1076762
604,12,新宿区,40,佐賀市,50012,1123002
605,12,新宿区,41,長崎市,53912,1211931
606,12,新宿区,42,熊本市,51864,1170068
607,12,新宿区,43,大分市,50490,1132305
608,12,新宿区,44,宮崎市,58625,1314309
609,12,新宿区,45,鹿児島市,61468,1355846
610,12,新宿区,46,那覇市,539355,2147519
611,13,横浜市,0,札幌市,54215,1107203
612,13,横浜市,1,青森市,34328,752963
613,13,横浜市,2,盛岡市,26345,565076
614,13,横浜市,3,仙台市,18412,388052
615,13,横浜市,4,秋田市,26654,589807
616,13,横浜市,5,山形市,17902,390704
617,13,横浜市,6,福島市,14320,308362
618,13,横浜市,7,水戸市,6928,142626
619,13,横浜市,8,宇都宮市,7167,147083
620,13,横浜市,9,前橋市,7389,135933
621,13,横浜市,10,さいたま市,3204,67226
622,13,横浜市,11,千葉市,3237,68059
623,13,横浜市,12,新宿区,2233,42929
624,13,横浜市,13,横浜市,0,0
625,13,横浜市,14,新潟市,16958,339550
626,13,横浜市,15,富山市,18138,340424
627,13,横浜市,16,金沢市,20454,389044
628,13,横浜市,17,福井市,21366,492680
629,13,横浜市,18,甲府市,7403,120880
630,13,横浜市,19,長野市,13532,252445
631,13,横浜市,20,岐阜市,16059,365534
632,13,横浜市,21,静岡市,7762,160618
633,13,横浜市,22,名古屋市,14691,331601
634,13,横浜市,23,津市,17070,379940
635,13,横浜市,24,大津市,19038,431736
636,13,横浜市,25,京都市,19882,444518
637,13,横浜市,26,大阪市,21446,493981
638,13,横浜市,27,神戸市,22742,523746
639,13,横浜市,28,奈良市,19815,446102
640,13,横浜市,29,和歌山市,23739,534895
641,13,横浜市,30,鳥取市,28846,640138
642,13,横浜市,31,松江市,33667,752300
643,13,横浜市,32,岡山市,28927,637588
644,13,横浜市,33,広島市,35831,800210
645,13,横浜市,34,山口市,40867,926379
646,13,横浜市,35,徳島市,27834,632847
647,13,横浜市,36,高松市,30810,683374
648,13,横浜市,37,松山市,36721,819073
649,13,横浜市,38,高知市,35635,783271
650,13,横浜市,39,福岡市,47557,1064608
651,13,横浜市,40,佐賀市,49460,1110848
652,13,横浜市,41,長崎市,53360,1199777
653,13,横浜市,42,熊本市,51312,1157914
654,13,横浜市,43,大分市,49938,1120151
655,13,横浜市,44,宮崎市,58073,1302155
656,13,横浜市,45,鹿児島市,60916,1343692
657,13,横浜市,46,那覇市,538803,2135365
658,14,新潟市,0,札幌市,42867,865571
659,14,新潟市,1,青森市,20026,432619
660,14,新潟市,2,盛岡市,15945,354980
661,14,新潟市,3,仙台市,10084,220237
662,14,新潟市,4,秋田市,11813,259159
663,14,新潟市,5,山形市,7216,161429
664,14,新潟市,6,福島市,7978,174410
665,14,新潟市,7,水戸市,13099,290033
666,14,新潟市,8,宇都宮市,11831,257401
667,14,新潟市,9,前橋市,10314,211774
668,14,新潟市,10,さいたま市,14196,298449
669,14,新潟市,11,千葉市,17077,360040
670,14,新潟市,12,新宿区,15276,314794
671,14,新潟市,13,横浜市,16823,358868
672,14,新潟市,14,新潟市,0,0
673,14,新潟市,15,富山市,10750,246781
674,14,新潟市,16,金沢市,12947,299941
675,14,新潟市,17,福井市,16070,377420
676,14,新潟市,18,甲府市,15868,338485
677,14,新潟市,19,長野市,8695,183585
678,14,新潟市,20,岐阜市,20167,445121
679,14,新潟市,21,静岡市,19635,424360
680,14,新潟市,22,名古屋市,20281,433844
681,14,新潟市,23,津市,23626,513752
682,14,新潟市,24,大津市,21828,516379
683,14,新潟市,25,京都市,22507,528884
684,14,新潟市,26,大阪市,24878,577947
685,14,新潟市,27,神戸市,25607,594468
686,14,新潟市,28,奈良市,24246,560602
687,14,新潟市,29,和歌山市,28211,648759
688,14,新潟市,30,鳥取市,28071,663457
689,14,新潟市,31,松江市,32955,781999
690,14,新潟市,32,岡山市,30678,720805
691,14,新潟市,33,広島市,37581,883427
692,14,新潟市,34,山口市,42376,1009502
693,14,新潟市,35,徳島市,30698,703569
694,14,新潟市,36,高松市,33674,754095
695,14,新潟市,37,松山市,38472,902289
696,14,新潟市,38,高知市,38486,886812
697,14,新潟市,39,福岡市,49307,1147824
698,14,新潟市,40,佐賀市,51211,1194065
699,14,新潟市,41,長崎市,55111,1282994
700,14,新潟市,42,熊本市,53062,1241131
701,14,新潟市,43,大分市,51688,1203368
702,14,新潟市,44,宮崎市,59823,1385372
703,14,新潟市,45,鹿児島市,62666,1426909
704,14,新潟市,46,那覇市,540553,2218582
705,15,富山市,0,札幌市,53316,1108589
706,15,富山市,1,青森市,30476,675638
707,15,富山市,2,盛岡市,26395,597998
708,15,富山市,3,仙台市,20534,463255
709,15,富山市,4,秋田市,22262,502178
710,15,富山市,5,山形市,17665,404447
711,15,富山市,6,福島市,18044,397415
712,15,富山市,7,水戸市,20437,426346
713,15,富山市,8,宇都宮市,18339,379773
714,15,富山市,9,前橋市,13777,281425
715,15,富山市,10,さいたま市,17399,345071
716,15,富山市,11,千葉市,19547,386083
717,15,富山市,12,新宿区,17133,341292
718,15,富山市,13,横浜市,18368,345406
719,15,富山市,14,新潟市,10766,246379
720,15,富山市,15,富山市,0,0
721,15,富山市,16,金沢市,2991,64664
722,15,富山市,17,福井市,6114,142142
723,15,富山市,18,甲府市,11148,227277
724,15,富山市,19,長野市,7674,169490
725,15,富山市,20,岐阜市,10055,208224
726,15,富山市,21,静岡市,14915,313152
727,15,富山市,22,名古屋市,10730,237630
728,15,富山市,23,津市,13952,330929
729,15,富山市,24,大津市,11872,281102
730,15,富山市,25,京都市,12551,293607
731,15,富山市,26,大阪市,14922,342670
732,15,富山市,27,神戸市,15651,359191
733,15,富山市,28,奈良市,14290,325325
734,15,富山市,29,和歌山市,18255,413482
735,15,富山市,30,鳥取市,18115,428180
736,15,富山市,31,松江市,22999,546722
737,15,富山市,32,岡山市,20722,485528
738,15,富山市,33,広島市,27625,648150
739,15,富山市,34,山口市,32420,774225
740,15,富山市,35,徳島市,20742,468292
741,15,富山市,36,高松市,23718,518818
742,15,富山市,37,松山市,28516,667013
743,15,富山市,38,高知市,28530,651535
744,15,富山市,39,福岡市,39351,912547
745,15,富山市,40,佐賀市,41255,958788
746,15,富山市,41,長崎市,45155,1047717
747,15,富山市,42,熊本市,43106,1005854
748,15,富山市,43,大分市,41732,968091
749,15,富山市,44,宮崎市,49867,1150095
750,15,富山市,45,鹿児島市,52710,1191632
751,15,富山市,46,那覇市,530597,1983305
752,16,金沢市,0,札幌市,55565,1165304
753,16,金沢市,1,青森市,32725,732353
754,16,金沢市,2,盛岡市,28643,654714
755,16,金沢市,3,仙台市,22782,519970
756,16,金沢市,4,秋田市,24511,558893
757,16,金沢市,5,山形市,19914,461162
758,16,金沢市,6,福島市,20292,454130
759,16,金沢市,7,水戸市,22686,483061
760,16,金沢市,8,宇都宮市,20588,436488
761,16,金沢市,9,前橋市,16026,338141
762,16,金沢市,10,さいたま市,19690,393123
763,16,金沢市,11,千葉市,21838,434135
764,16,金沢市,12,新宿区,19424,389343
765,16,金沢市,13,横浜市,20659,393458
766,16,金沢市,14,新潟市,13015,303095
767,16,金沢市,15,富山市,2952,63914
768,16,金沢市,16,金沢市,0,0
769,16,金沢市,17,福井市,3653,78619
770,16,金沢市,18,甲府市,13438,275329
771,16,金沢市,19,長野市,9923,226206
772,16,金沢市,20,岐阜市,9230,210236
773,16,金沢市,21,静岡市,17206,361203
774,16,金沢市,22,名古屋市,10131,242569
775,16,金沢市,23,津市,11491,267405
776,16,金沢市,24,大津市,9410,217578
777,16,金沢市,25,京都市,10089,230083
778,16,金沢市,26,大阪市,12461,279147
779,16,金沢市,27,神戸市,13189,295667
780,16,金沢市,28,奈良市,11829,261801
781,16,金沢市,29,和歌山市,15794,349958
782,16,金沢市,30,鳥取市,15654,364656
783,16,金沢市,31,松江市,20537,483199
784,16,金沢市,32,岡山市,18260,422005
785,16,金沢市,33,広島市,25164,584627
786,16,金沢市,34,山口市,29959,710702
787,16,金沢市,35,徳島市,18281,404768
788,16,金沢市,36,高松市,21257,455295
789,16,金沢市,37,松山市,26054,603489
790,16,金沢市,38,高知市,26068,588012
791,16,金沢市,39,福岡市,36890,849024
792,16,金沢市,40,佐賀市,38793,895264
793,16,金沢市,41,長崎市,42693,984193
794,16,金沢市,42,熊本市,40645,942330
795,16,金沢市,43,大分市,39271,904567
796,16,金沢市,44,宮崎市,47406,1086572
797,16,金沢市,45,鹿児島市,50249,1128108
798,16,金沢市,46,那覇市,528136,1919782
799,17,福井市,0,札幌市,58705,1242880
800,17,福井市,1,青森市,35864,809929
801,17,福井市,2,盛岡市,31783,732290
802,17,福井市,3,仙台市,25922,597546
803,17,福井市,4,秋田市,27651,636469
804,17,福井市,5,山形市,23054,538738
805,17,福井市,6,福島市,23432,531707
806,17,福井市,7,水戸市,25495,526595
807,17,福井市,8,宇都宮市,23397,480022
808,17,福井市,9,前橋市,19166,415717
809,17,福井市,10,さいたま市,22169,456240
810,17,福井市,11,千葉市,23777,548033
811,17,福井市,12,新宿区,21688,506122
812,17,福井市,13,横浜市,21419,493280
813,17,福井市,14,新潟市,16155,380671
814,17,福井市,15,富山市,6092,141490
815,17,福井市,16,金沢市,3702,79050
816,17,福井市,17,福井市,0,0
817,17,福井市,18,甲府市,15917,338446
818,17,福井市,19,長野市,13063,303782
819,17,福井市,20,岐阜市,6235,137252
820,17,福井市,21,静岡市,14395,338605
821,17,福井市,22,名古屋市,7136,169584
822,17,福井市,23,津市,8496,194421
823,17,福井市,24,大津市,6415,144594
824,17,福井市,25,京都市,7094,157099
825,17,福井市,26,大阪市,9466,206163
826,17,福井市,27,神戸市,10194,222683
827,17,福井市,28,奈良市,8834,188817
828,17,福井市,29,和歌山市,12799,276974
829,17,福井市,30,鳥取市,12659,291672
830,17,福井市,31,松江市,17542,410215
831,17,福井市,32,岡山市,15265,349020
832,17,福井市,33,広島市,22169,511642
833,17,福井市,34,山口市,26964,637717
834,17,福井市,35,徳島市,15286,331784
835,17,福井市,36,高松市,18262,382310
836,17,福井市,37,松山市,23059,530505
837,17,福井市,38,高知市,23073,515027
838,17,福井市,39,福岡市,33895,776039
839,17,福井市,40,佐賀市,35798,822280
840,17,福井市,41,長崎市,39698,911209
841,17,福井市,42,熊本市,37650,869346
842,17,福井市,43,大分市,36276,831583
843,17,福井市,44,宮崎市,44411,1013587
844,17,福井市,45,鹿児島市,47254,1055124
845,17,福井市,46,那覇市,525141,1846797
846,18,甲府市,0,札幌市,58103,1172559
847,18,甲府市,1,青森市,35463,766831
848,18,甲府市,2,盛岡市,30233,630432
849,18,甲府市,3,仙台市,22300,453408
850,18,甲府市,4,秋田市,27250,593371
851,18,甲府市,5,山形市,21761,455745
852,18,甲府市,6,福島市,18208,373718
853,18,甲府市,7,水戸市,11791,227620
854,18,甲府市,8,宇都宮市,11167,213092
855,18,甲府市,9,前橋市,8626,143629
856,18,甲府市,10,さいたま市,7263,128139
857,18,甲府市,11,千葉市,8800,161715
858,18,甲府市,12,新宿区,6387,116923
859,18,甲府市,13,横浜市,7622,121038
860,18,甲府市,14,新潟市,15753,337573
861,18,甲府市,15,富山市,11058,222102
862,18,甲府市,16,金沢市,13374,270723
863,18,甲府市,17,福井市,15837,333488
864,18,甲府市,18,甲府市,0,0
865,18,甲府市,19,長野市,7747,156501
866,18,甲府市,20,岐阜市,12742,301063
867,18,甲府市,21,静岡市,4681,100124
868,18,甲府市,22,名古屋市,11375,267131
869,18,甲府市,23,津市,13754,315469
870,18,甲府市,24,大津市,15722,367265
871,18,甲府市,25,京都市,16565,380048
872,18,甲府市,26,大阪市,18129,429511
873,18,甲府市,27,神戸市,19426,459276
874,18,甲府市,28,奈良市,16498,381631
875,18,甲府市,29,和歌山市,20423,470425
876,18,甲府市,30,鳥取市,25530,575667
877,18,甲府市,31,松江市,30350,687829
878,18,甲府市,32,岡山市,25611,573118
879,18,甲府市,33,広島市,32514,735740
880,18,甲府市,34,山口市,37551,861908
881,18,甲府市,35,徳島市,24518,568377
882,18,甲府市,36,高松市,27494,618903
883,18,甲府市,37,松山市,33405,754602
884,18,甲府市,38,高知市,32319,718801
885,18,甲府市,39,福岡市,44241,1000137
886,18,甲府市,40,佐賀市,46144,1046377
887,18,甲府市,41,長崎市,50044,1135306
888,18,甲府市,42,熊本市,47995,1093443
889,18,甲府市,43,大分市,46622,1055680
890,18,甲府市,44,宮崎市,54757,1237685
891,18,甲府市,45,鹿児島市,57600,1279221
892,18,甲府市,46,那覇市,535487,2070895
893,19,長野市,0,札幌市,51235,1048895
894,19,長野市,1,青森市,28394,615944
895,19,長野市,2,盛岡市,24313,538305
896,19,長野市,3,仙台市,18452,403561
897,19,長野市,4,秋田市,20181,442484
898,19,長野市,5,山形市,15583,344753
899,19,長野市,6,福島市,14763,321638
900,19,長野市,7,水戸市,14011,272245
901,19,長野市,8,宇都宮市,11913,225672
902,19,長野市,9,前橋市,7351,127324
903,19,長野市,10,さいたま市,10760,211045
904,19,長野市,11,千葉市,13641,272635
905,19,長野市,12,新宿区,11839,227389
906,19,長野市,13,横浜市,13387,271463
907,19,長野市,14,新潟市,8684,186685
908,19,長野市,15,富山市,7734,173258
909,19,長野市,16,金沢市,9931,226417
910,19,長野市,17,福井市,13054,303896
911,19,長野市,18,甲府市,7876,157032
912,19,長野市,19,長野市,0,0
913,19,長野市,20,岐阜市,12525,268527
914,19,長野市,21,静岡市,11643,242906
915,19,長野市,22,名古屋市,11730,255548
916,19,長野市,23,津市,15076,335456
917,19,長野市,24,大津市,16760,381074
918,19,長野市,25,京都市,17604,393857
919,19,長野市,26,大阪市,19257,437825
920,19,長野市,27,神戸市,20554,467590
921,19,長野市,28,奈良市,17626,389945
922,19,長野市,29,和歌山市,21551,478739
923,19,長野市,30,鳥取市,25055,589933
924,19,長野市,31,松江市,29939,708476
925,19,長野市,32,岡山市,26649,586927
926,19,長野市,33,広島市,33553,749549
927,19,長野市,34,山口市,38589,875717
928,19,長野市,35,徳島市,25645,576691
929,19,長野市,36,高松市,28621,627218
930,19,長野市,37,松山市,34443,768411
931,19,長野市,38,高知市,33447,727115
932,19,長野市,39,福岡市,45279,1013946
933,19,長野市,40,佐賀市,47182,1060186
934,19,長野市,41,長崎市,51082,1149115
935,19,長野市,42,熊本市,49034,1107252
936,19,長野市,43,大分市,47660,1069489
937,19,長野市,44,宮崎市,55795,1251494
938,19,長野市,45,鹿児島市,58638,1293030
939,19,長野市,46,那覇市,536525,2084704
940,20,岐阜市,0,札幌市,62747,1311135
941,20,岐阜市,1,青森市,39907,878183
942,20,岐阜市,2,盛岡市,35825,800544
943,20,岐阜市,3,仙台市,29964,665801
944,20,岐阜市,4,秋田市,31693,704724
945,20,岐阜市,5,山形市,27096,606993
946,20,岐阜市,6,福島市,26926,580325
947,20,岐阜市,7,水戸市,21364,480418
948,20,岐阜市,8,宇都宮市,21601,485561
949,20,岐阜市,9,前橋市,18178,328150
950,20,岐阜市,10,さいたま市,17262,397370
951,20,岐阜市,11,千葉市,18375,414513
952,20,岐阜市,12,新宿区,16285,372602
953,20,岐阜市,13,横浜市,16016,359760
954,20,岐阜市,14,新潟市,20197,448925
955,20,岐阜市,15,富山市,10059,209270
956,20,岐阜市,16,金沢市,9214,210652
957,20,岐阜市,17,福井市,6174,137001
958,20,岐阜市,18,甲府市,12712,296543
959,20,岐阜市,19,長野市,12413,268521
960,20,岐阜市,20,岐阜市,0,0
961,20,岐阜市,21,静岡市,8993,205085
962,20,岐阜市,22,名古屋市,1734,36064
963,20,岐阜市,23,津市,4531,98932
964,20,岐阜市,24,大津市,5102,118726
965,20,岐阜市,25,京都市,5946,131508
966,20,岐阜市,26,大阪市,8024,168708
967,20,岐阜市,27,神戸市,8910,195810
968,20,岐阜市,28,奈良市,7082,153421
969,20,岐阜市,29,和歌山市,11006,242215
970,20,岐阜市,30,鳥取市,13791,311786
971,20,岐阜市,31,松江市,18675,430328
972,20,岐阜市,32,岡山市,14991,324579
973,20,岐阜市,33,広島市,21895,487200
974,20,岐阜市,34,山口市,26931,613369
975,20,岐阜市,35,徳島市,14001,304911
976,20,岐阜市,36,高松市,16977,355438
977,20,岐阜市,37,松山市,22785,506063
978,20,岐阜市,38,高知市,21803,455335
979,20,岐阜市,39,福岡市,33621,751598
980,20,岐阜市,40,佐賀市,35524,797838
981,20,岐阜市,41,長崎市,39424,886767
982,20,岐阜市,42,熊本市,37376,844904
983,20,岐阜市,43,大分市,36002,807141
984,20,岐阜市,44,宮崎市,44137,989145
985,20,岐阜市,45,鹿児島市,46980,1030682
986,20,岐阜市,46,那覇市,524867,1822355
987,21,静岡市,0,札幌市,60416,1245460
988,21,静岡市,1,青森市,39340,852197
989,21,静岡市,2,盛岡市,32545,703333
990,21,静岡市,3,仙台市,24613,526310
991,21,静岡市,4,秋田市,31127,678737
992,21,静岡市,5,山形市,24103,528962
993,21,静岡市,6,福島市,20520,446619
994,21,静岡市,7,水戸市,13130,280196
995,21,静岡市,8,宇都宮市,13367,285340
996,21,静岡市,9,前橋市,12782,268842
997,21,静岡市,10,さいたま市,9028,197149
998,21,静岡市,11,千葉市,10141,214292
999,21,静岡市,12,新宿区,8052,172381
1000,21,静岡市,13,横浜市,7783,159538
1001,21,静岡市,14,新潟市,19631,422939
1002,21,静岡市,15,富山市,14936,307469
1003,21,静岡市,16,金沢市,17252,356089
1004,21,静岡市,17,福井市,14380,337206
1005,21,静岡市,18,甲府市,4711,99311
1006,21,静岡市,19,長野市,11624,241867
1007,21,静岡市,20,岐阜市,9072,210060
1008,21,静岡市,21,静岡市,0,0
1009,21,静岡市,22,名古屋市,7705,176128
1010,21,静岡市,23,津市,10084,224466
1011,21,静岡市,24,大津市,12052,276262
1012,21,静岡市,25,京都市,12896,289044
1013,21,静岡市,26,大阪市,14459,338507
1014,21,静岡市,27,神戸市,15756,368273
1015,21,静岡市,28,奈良市,12829,290628
1016,21,静岡市,29,和歌山市,16753,379421
1017,21,静岡市,30,鳥取市,21860,484664
1018,21,静岡市,31,松江市,26680,596826
1019,21,静岡市,32,岡山市,21941,482115
1020,21,静岡市,33,広島市,28845,644736
1021,21,静岡市,34,山口市,33881,770905
1022,21,静岡市,35,徳島市,20848,477374
1023,21,静岡市,36,高松市,23824,527900
1024,21,静岡市,37,松山市,29735,663599
1025,21,静岡市,38,高知市,28649,627798
1026,21,静岡市,39,福岡市,40571,909134
1027,21,静岡市,40,佐賀市,42474,955374
1028,21,静岡市,41,長崎市,46374,1044303
1029,21,静岡市,42,熊本市,44326,1002440
1030,21,静岡市,43,大分市,42952,964677
1031,21,静岡市,44,宮崎市,51087,1146682
1032,21,静岡市,45,鹿児島市,53930,1188218
1033,21,静岡市,46,那覇市,531817,1979892
1034,22,名古屋市,0,札幌市,62856,1295193
1035,22,名古屋市,1,青森市,40015,862242
1036,22,名古屋市,2,盛岡市,35934,784602
1037,22,名古屋市,3,仙台市,30044,652153
1038,22,名古屋市,4,秋田市,31801,688782
1039,22,名古屋市,5,山形市,27175,593345
1040,22,名古屋市,6,福島市,26292,567642
1041,22,名古屋市,7,水戸市,19949,450456
1042,22,名古屋市,8,宇都宮市,20186,455600
1043,22,名古屋市,9,前橋市,17544,315466
1044,22,名古屋市,10,さいたま市,15846,367409
1045,22,名古屋市,11,千葉市,16959,384552
1046,22,名古屋市,12,新宿区,14870,342641
1047,22,名古屋市,13,横浜市,14601,329798
1048,22,名古屋市,14,新潟市,20305,432983
1049,22,名古屋市,15,富山市,10672,237119
1050,22,名古屋市,16,金沢市,10088,235997
1051,22,名古屋市,17,福井市,7048,162346
1052,22,名古屋市,18,甲府市,11297,266582
1053,22,名古屋市,19,長野市,11778,255838
1054,22,名古屋市,20,岐阜市,1740,35200
1055,22,名古屋市,21,静岡市,7577,175123
1056,22,名古屋市,22,名古屋市,0,0
1057,22,名古屋市,23,津市,3556,80029
1058,22,名古屋市,24,大津市,5331,120153
1059,22,名古屋市,25,京都市,6174,132935
1060,22,名古屋市,26,大阪市,7738,182398
1061,22,名古屋市,27,神戸市,9035,212163
1062,22,名古屋市,28,奈良市,6107,134518
1063,22,名古屋市,29,和歌山市,10032,223312
1064,22,名古屋市,30,鳥取市,14665,337131
1065,22,名古屋市,31,松江市,19549,455674
1066,22,名古屋市,32,岡山市,15220,326005
1067,22,名古屋市,33,広島市,22123,488627
1068,22,名古屋市,34,山口市,27160,614796
1069,22,名古屋市,35,徳島市,14126,321264
1070,22,名古屋市,36,高松市,17102,371791
1071,22,名古屋市,37,松山市,23013,507490
1072,22,名古屋市,38,高知市,21927,471688
1073,22,名古屋市,39,福岡市,33849,753024
1074,22,名古屋市,40,佐賀市,35753,799265
1075,22,名古屋市,41,長崎市,39652,888194
1076,22,名古屋市,42,熊本市,37604,846331
1077,22,名古屋市,43,大分市,36230,808568
1078,22,名古屋市,44,宮崎市,44365,990572
1079,22,名古屋市,45,鹿児島市,47208,1032109
1080,22,名古屋市,46,那覇市,525095,1823782
1081,23,津市,0,札幌市,66142,1374621
1082,23,津市,1,青森市,43301,941670
1083,23,津市,2,盛岡市,39220,864031
1084,23,津市,3,仙台市,33331,731581
1085,23,津市,4,秋田市,35088,768210
1086,23,津市,5,山形市,30462,672773
1087,23,津市,6,福島市,29578,647070
1088,23,津市,7,水戸市,22421,499376
1089,23,津市,8,宇都宮市,22658,504519
1090,23,津市,9,前橋市,20830,394894
1091,23,津市,10,さいたま市,18319,416328
1092,23,津市,11,千葉市,19432,433471
1093,23,津市,12,新宿区,17343,391561
1094,23,津市,13,横浜市,17074,378718
1095,23,津市,14,新潟市,23592,512411
1096,23,津市,15,富山市,13883,330270
1097,23,津市,16,金沢市,11493,267830
1098,23,津市,17,福井市,8453,194178
1099,23,津市,18,甲府市,13769,315502
1100,23,津市,19,長野市,15065,335266
1101,23,津市,20,岐阜市,4544,98961
1102,23,津市,21,静岡市,10050,224043
1103,23,津市,22,名古屋市,3544,80191
1104,23,津市,23,津市,0,0
1105,23,津市,24,大津市,3953,80591
1106,23,津市,25,京都市,4879,95706
1107,23,津市,26,大阪市,5619,131416
1108,23,津市,27,神戸市,6915,161181
1109,23,津市,28,奈良市,3988,83537
1110,23,津市,29,和歌山市,7553,161054
1111,23,津市,30,鳥取市,13879,297928
1112,23,津市,31,松江市,18329,427873
1113,23,津市,32,岡山市,13259,297223
1114,23,津市,33,広島市,20162,459845
1115,23,津市,34,山口市,25199,586014
1116,23,津市,35,徳島市,12007,270283
1117,23,津市,36,高松市,14983,320809
1118,23,津市,37,松山市,21053,478708
1119,23,津市,38,高知市,19808,420707
1120,23,津市,39,福岡市,31888,724243
1121,23,津市,40,佐賀市,33792,770483
1122,23,津市,41,長崎市,37691,859412
1123,23,津市,42,熊本市,35643,817549
1124,23,津市,43,大分市,34269,779786
1125,23,津市,44,宮崎市,42404,961790
1126,23,津市,45,鹿児島市,45247,1003327
1127,23,津市,46,那覇市,523134,1795001
1128,24,大津市,0,札幌市,64458,1382806
1129,24,大津市,1,青森市,41618,949854
1130,24,大津市,2,盛岡市,37536,872215
1131,24,大津市,3,仙台市,31676,737472
1132,24,大津市,4,秋田市,33404,776394
1133,24,大津市,5,山形市,28807,678664
1134,24,大津市,6,福島市,29186,671632
1135,24,大津市,7,水戸市,24414,551497
1136,24,大津市,8,宇都宮市,24651,556641
1137,24,大津市,9,前橋市,22492,440297
1138,24,大津市,10,さいたま市,20312,468450
1139,24,大津市,11,千葉市,21425,485593
1140,24,大津市,12,新宿区,19336,443682
1141,24,大津市,13,横浜市,19067,430839
1142,24,大津市,14,新潟市,21908,520596
1143,24,大津市,15,富山市,11845,281416
1144,24,大津市,16,金沢市,9455,218976
1145,24,大津市,17,福井市,6415,145325
1146,24,大津市,18,甲府市,15762,367623
1147,24,大津市,19,長野市,16727,380668
1148,24,大津市,20,岐阜市,5099,113128
1149,24,大津市,21,静岡市,12043,276164
1150,24,大津市,22,名古屋市,5348,120751
1151,24,大津市,23,津市,3961,80460
1152,24,大津市,24,大津市,0,0
1153,24,大津市,25,京都市,1036,15783
1154,24,大津市,26,大阪市,3416,64693
1155,24,大津市,27,神戸市,4145,81213
1156,24,大津市,28,奈良市,2775,47501
1157,24,大津市,29,和歌山市,6750,135504
1158,24,大津市,30,鳥取市,10043,211769
1159,24,大津市,31,松江市,14863,323931
1160,24,大津市,32,岡山市,10226,209982
1161,24,大津市,33,広島市,17130,372604
1162,24,大津市,34,山口市,22166,498772
1163,24,大津市,35,徳島市,9236,190314
1164,24,大津市,36,高松市,12212,240841
1165,24,大津市,37,松山市,18020,391466
1166,24,大津市,38,高知市,17038,340738
1167,24,大津市,39,福岡市,28856,637001
1168,24,大津市,40,佐賀市,30759,683241
1169,24,大津市,41,長崎市,34659,772170
1170,24,大津市,42,熊本市,32611,730307
1171,24,大津市,43,大分市,31237,692544
1172,24,大津市,44,宮崎市,39372,874549
1173,24,大津市,45,鹿児島市,42215,916085
1174,24,大津市,46,那覇市,520102,1707759
1175,25,京都市,0,札幌市,65123,1394712
1176,25,京都市,1,青森市,42282,961761
1177,25,京都市,2,盛岡市,38201,884121
1178,25,京都市,3,仙台市,32340,749378
1179,25,京都市,4,秋田市,34069,788301
1180,25,京都市,5,山形市,29472,690570
1181,25,京都市,6,福島市,29850,683538
1182,25,京都市,7,水戸市,25254,562403
1183,25,京都市,8,宇都宮市,25491,567546
1184,25,京都市,9,前橋市,23332,451202
1185,25,京都市,10,さいたま市,21152,479355
1186,25,京都市,11,千葉市,22265,496498
1187,25,京都市,12,新宿区,20176,454587
1188,25,京都市,13,横浜市,19907,441745
1189,25,京都市,14,新潟市,22573,532502
1190,25,京都市,15,富山市,12510,293322
1191,25,京都市,16,金沢市,10120,230882
1192,25,京都市,17,福井市,7080,157231
1193,25,京都市,18,甲府市,16602,378529
1194,25,京都市,19,長野市,17567,391574
1195,25,京都市,20,岐阜市,5939,124034
1196,25,京都市,21,静岡市,12883,287070
1197,25,京都市,22,名古屋市,6188,131657
1198,25,京都市,23,津市,4876,95513
1199,25,京都市,24,大津市,1037,15803
1200,25,京都市,25,京都市,0,0
1201,25,京都市,26,大阪市,3220,52864
1202,25,京都市,27,神戸市,4021,75050
1203,25,京都市,28,奈良市,2624,44256
1204,25,京都市,29,和歌山市,6626,129342
1205,25,京都市,30,鳥取市,9537,200496
1206,25,京都市,31,松江市,14358,312658
1207,25,京都市,32,岡山市,9747,203703
1208,25,京都市,33,広島市,16651,366325
1209,25,京都市,34,山口市,21687,492494
1210,25,京都市,35,徳島市,9113,184151
1211,25,京都市,36,高松市,12089,234678
1212,25,京都市,37,松山市,17541,385188
1213,25,京都市,38,高知市,16914,334575
1214,25,京都市,39,福岡市,28377,630722
1215,25,京都市,40,佐賀市,30280,676963
1216,25,京都市,41,長崎市,34180,765892
1217,25,京都市,42,熊本市,32132,724029
1218,25,京都市,43,大分市,30758,686266
1219,25,京都市,44,宮崎市,38893,868270
1220,25,京都市,45,鹿児島市,41736,909807
1221,25,京都市,46,那覇市,519623,1701480
1222,26,大阪市,0,札幌市,67409,1438764
1223,26,大阪市,1,青森市,44568,1005813
1224,26,大阪市,2,盛岡市,40487,928174
1225,26,大阪市,3,仙台市,34626,793430
1226,26,大阪市,4,秋田市,36355,832353
1227,26,大阪市,5,山形市,31757,734622
1228,26,大阪市,6,福島市,32136,727590
1229,26,大阪市,7,水戸市,26818,611617
1230,26,大阪市,8,宇都宮市,27055,616760
1231,26,大阪市,9,前橋市,25037,495574
1232,26,大阪市,10,さいたま市,22716,528569
1233,26,大阪市,11,千葉市,23828,545712
1234,26,大阪市,12,新宿区,21739,503802
1235,26,大阪市,13,横浜市,21470,490959
1236,26,大阪市,14,新潟市,24859,576555
1237,26,大阪市,15,富山市,14796,337374
1238,26,大阪市,16,金沢市,12406,274934
1239,26,大阪市,17,福井市,9366,201283
1240,26,大阪市,18,甲府市,18166,427743
1241,26,大阪市,19,長野市,19272,435946
1242,26,大阪市,20,岐阜市,8013,163132
1243,26,大阪市,21,静岡市,14447,336284
1244,26,大阪市,22,名古屋市,7751,180871
1245,26,大阪市,23,津市,5632,129589
1246,26,大阪市,24,大津市,3323,59855
1247,26,大阪市,25,京都市,3184,52514
1248,26,大阪市,26,大阪市,0,0
1249,26,大阪市,27,神戸市,1638,35262
1250,26,大阪市,28,奈良市,1866,30940
1251,26,大阪市,29,和歌山市,3617,73851
1252,26,大阪市,30,鳥取市,9402,210684
1253,26,大阪市,31,松江市,13052,301954
1254,26,大阪市,32,岡山市,7982,171304
1255,26,大阪市,33,広島市,14885,333926
1256,26,大阪市,34,山口市,19922,460095
1257,26,大阪市,35,徳島市,6730,144363
1258,26,大阪市,36,高松市,9706,194890
1259,26,大阪市,37,松山市,15776,352788
1260,26,大阪市,38,高知市,14531,294787
1261,26,大阪市,39,福岡市,26611,598323
1262,26,大阪市,40,佐賀市,28515,644564
1263,26,大阪市,41,長崎市,32414,733493
1264,26,大阪市,42,熊本市,30366,691630
1265,26,大阪市,43,大分市,28992,653867
1266,26,大阪市,44,宮崎市,37127,835871
1267,26,大阪市,45,鹿児島市,39970,877408
1268,26,大阪市,46,那覇市,517857,1669081
1269,27,神戸市,0,札幌市,68198,1460697
1270,27,神戸市,1,青森市,45357,1027746
1271,27,神戸市,2,盛岡市,41276,950107
1272,27,神戸市,3,仙台市,35415,815363
1273,27,神戸市,4,秋田市,37144,854286
1274,27,神戸市,5,山形市,32547,756555
1275,27,神戸市,6,福島市,32925,749524
1276,27,神戸市,7,水戸市,28197,628864
1277,27,神戸市,8,宇都宮市,28434,634008
1278,27,神戸市,9,前橋市,26275,517664
1279,27,神戸市,10,さいたま市,24095,545817
1280,27,神戸市,11,千葉市,25208,562960
1281,27,神戸市,12,新宿区,23118,521049
1282,27,神戸市,13,横浜市,22849,508206
1283,27,神戸市,14,新潟市,25648,598488
1284,27,神戸市,15,富山市,15585,359307
1285,27,神戸市,16,金沢市,13195,296867
1286,27,神戸市,17,福井市,10155,223216
1287,27,神戸市,18,甲府市,19545,444990
1288,27,神戸市,19,長野市,20509,458036
1289,27,神戸市,20,岐阜市,8881,190496
1290,27,神戸市,21,静岡市,15826,353532
1291,27,神戸市,22,名古屋市,9130,198119
1292,27,神戸市,23,津市,7014,162330
1293,27,神戸市,24,大津市,4112,81788
1294,27,神戸市,25,京都市,3957,74998
1295,27,神戸市,26,大阪市,1622,35829
1296,27,神戸市,27,神戸市,0,0
1297,27,神戸市,28,奈良市,3322,65612
1298,27,神戸市,29,和歌山市,4697,98002
1299,27,神戸市,30,鳥取市,8065,176269
1300,27,神戸市,31,松江市,11714,267540
1301,27,神戸市,32,岡山市,6644,136890
1302,27,神戸市,33,広島市,13548,299512
1303,27,神戸市,34,山口市,18584,425680
1304,27,神戸市,35,徳島市,5393,109949
1305,27,神戸市,36,高松市,8369,160475
1306,27,神戸市,37,松山市,14438,318374
1307,27,神戸市,38,高知市,13194,260373
1308,27,神戸市,39,福岡市,25274,563909
1309,27,神戸市,40,佐賀市,27177,610149
1310,27,神戸市,41,長崎市,31077,699078
1311,27,神戸市,42,熊本市,29029,657215
1312,27,神戸市,43,大分市,27655,619452
1313,27,神戸市,44,宮崎市,35790,801457
1314,27,神戸市,45,鹿児島市,38633,842993
1315,27,神戸市,46,那覇市,516520,1634667
1316,28,奈良市,0,札幌市,66892,1425794
1317,28,奈良市,1,青森市,44052,992843
1318,28,奈良市,2,盛岡市,39970,915204
1319,28,奈良市,3,仙台市,34110,780460
1320,28,奈良市,4,秋田市,35838,819383
1321,28,奈良市,5,山形市,31241,721652
1322,28,奈良市,6,福島市,31620,714621
1323,28,奈良市,7,水戸市,25192,565716
1324,28,奈良市,8,宇都宮市,25429,570860
1325,28,奈良市,9,前橋市,23411,449674
1326,28,奈良市,10,さいたま市,21090,482669
1327,28,奈良市,11,千葉市,22202,499812
1328,28,奈良市,12,新宿区,20113,457901
1329,28,奈良市,13,横浜市,19844,445058
1330,28,奈良市,14,新潟市,24342,563585
1331,28,奈良市,15,富山市,14279,324404
1332,28,奈良市,16,金沢市,11889,261964
1333,28,奈良市,17,福井市,8849,188313
1334,28,奈良市,18,甲府市,16540,381842
1335,28,奈良市,19,長野市,17646,390045
1336,28,奈良市,20,岐阜市,7125,153741
1337,28,奈良市,21,静岡市,12821,290384
1338,28,奈良市,22,名古屋市,6125,134971
1339,28,奈良市,23,津市,4006,83689
1340,28,奈良市,24,大津市,2807,46885
1341,28,奈良市,25,京都市,2682,43711
1342,28,奈良市,26,大阪市,1839,30779
1343,28,奈良市,27,神戸市,3303,64822
1344,28,奈良市,28,奈良市,0,0
1345,28,奈良市,29,和歌山市,4793,97988
1346,28,奈良市,30,鳥取市,10618,229212
1347,28,奈良市,31,松江市,14716,331514
1348,28,奈良市,32,岡山市,9646,200864
1349,28,奈良市,33,広島市,16550,363486
1350,28,奈良市,34,山口市,21586,489655
1351,28,奈良市,35,徳島市,8395,173923
1352,28,奈良市,36,高松市,11371,224450
1353,28,奈良市,37,松山市,17440,382349
1354,28,奈良市,38,高知市,16196,324347
1355,28,奈良市,39,福岡市,28276,627883
1356,28,奈良市,40,佐賀市,30179,674124
1357,28,奈良市,41,長崎市,34079,763053
1358,28,奈良市,42,熊本市,32031,721190
1359,28,奈良市,43,大分市,30657,683427
1360,28,奈良市,44,宮崎市,38792,865431
1361,28,奈良市,45,鹿児島市,41635,906968
1362,28,奈良市,46,那覇市,519522,1698641
1363,29,和歌山市,0,札幌市,70717,1511932
1364,29,和歌山市,1,青森市,47876,1078981
1365,29,和歌山市,2,盛岡市,43795,1001341
1366,29,和歌山市,3,仙台市,37934,866598
1367,29,和歌山市,4,秋田市,39663,905521
1368,29,和歌山市,5,山形市,35066,807790
1369,29,和歌山市,6,福島市,35444,800758
1370,29,和歌山市,7,水戸市,29106,654823
1371,29,和歌山市,8,宇都宮市,29343,659966
1372,29,和歌山市,9,前橋市,27325,538780
1373,29,和歌山市,10,さいたま市,25003,571775
1374,29,和歌山市,11,千葉市,26116,588919
1375,29,和歌山市,12,新宿区,24027,547008
1376,29,和歌山市,13,横浜市,23758,534165
1377,29,和歌山市,14,新潟市,28167,649722
1378,29,和歌山市,15,富山市,18104,410542
1379,29,和歌山市,16,金沢市,15714,348102
1380,29,和歌山市,17,福井市,12674,274451
1381,29,和歌山市,18,甲府市,20454,470949
1382,29,和歌山市,19,長野市,21560,479152
1383,29,和歌山市,20,岐阜市,11038,242847
1384,29,和歌山市,21,静岡市,16734,379490
1385,29,和歌山市,22,名古屋市,10039,224077
1386,29,和歌山市,23,津市,7546,161081
1387,29,和歌山市,24,大津市,6631,133023
1388,29,和歌山市,25,京都市,6476,126233
1389,29,和歌山市,26,大阪市,3573,73204
1390,29,和歌山市,27,神戸市,4715,97688
1391,29,和歌山市,28,奈良市,4779,97811
1392,29,和歌山市,29,和歌山市,0,0
1393,29,和歌山市,30,鳥取市,12529,272038
1394,29,和歌山市,31,松江市,16179,363308
1395,29,和歌山市,32,岡山市,11109,232658
1396,29,和歌山市,33,広島市,18012,395280
1397,29,和歌山市,34,山口市,23049,521449
1398,29,和歌山市,35,徳島市,9857,205717
1399,29,和歌山市,36,高松市,12833,256244
1400,29,和歌山市,37,松山市,18903,414143
1401,29,和歌山市,38,高知市,17658,356141
1402,29,和歌山市,39,福岡市,29738,659677
1403,29,和歌山市,40,佐賀市,31642,705918
1404,29,和歌山市,41,長崎市,35542,794847
1405,29,和歌山市,42,熊本市,33493,752984
1406,29,和歌山市,43,大分市,32119,715221
1407,29,和歌山市,44,宮崎市,40254,897225
1408,29,和歌山市,45,鹿児島市,43097,938762
1409,29,和歌山市,46,那覇市,520984,1730435
1410,30,鳥取市,0,札幌市,70790,1528812
1411,30,鳥取市,1,青森市,47950,1095860
1412,30,鳥取市,2,盛岡市,43868,1018221
1413,30,鳥取市,3,仙台市,38007,883478
1414,30,鳥取市,4,秋田市,39736,922400
1415,30,鳥取市,5,山形市,35139,824670
1416,30,鳥取市,6,福島市,35517,817638
1417,30,鳥取市,7,水戸市,34212,760440
1418,30,鳥取市,8,宇都宮市,34449,765584
1419,30,鳥取市,9,前橋市,31251,701648
1420,30,鳥取市,10,さいたま市,30110,677393
1421,30,鳥取市,11,千葉市,31223,694536
1422,30,鳥取市,12,新宿区,29134,652625
1423,30,鳥取市,13,横浜市,28864,639782
1424,30,鳥取市,14,新潟市,28240,666602
1425,30,鳥取市,15,富山市,18177,427422
1426,30,鳥取市,16,金沢市,15787,364982
1427,30,鳥取市,17,福井市,12747,291331
1428,30,鳥取市,18,甲府市,25560,576566
1429,30,鳥取市,19,長野市,25148,589713
1430,30,鳥取市,20,岐阜市,13960,307548
1431,30,鳥取市,21,静岡市,21841,485108
1432,30,鳥取市,22,名古屋市,14865,344143
1433,30,鳥取市,23,津市,13835,291033
1434,30,鳥取市,24,大津市,9996,211323
1435,30,鳥取市,25,京都市,9492,200619
1436,30,鳥取市,26,大阪市,9432,206296
1437,30,鳥取市,27,神戸市,8116,171993
1438,30,鳥取市,28,奈良市,10542,230024
1439,30,鳥取市,29,和歌山市,12574,268213
1440,30,鳥取市,30,鳥取市,0,0
1441,30,鳥取市,31,松江市,5147,121855
1442,30,鳥取市,32,岡山市,6109,125359
1443,30,鳥取市,33,広島市,11911,265771
1444,30,鳥取市,34,山口市,15731,361680
1445,30,鳥取市,35,徳島市,12100,253180
1446,30,鳥取市,36,高松市,9813,202619
1447,30,鳥取市,37,松山市,13566,308138
1448,30,鳥取市,38,高知市,13990,290904
1449,30,鳥取市,39,福岡市,22690,511537
1450,30,鳥取市,40,佐賀市,24594,557778
1451,30,鳥取市,41,長崎市,28493,646707
1452,30,鳥取市,42,熊本市,26445,604844
1453,30,鳥取市,43,大分市,25071,567081
1454,30,鳥取市,44,宮崎市,33206,749085
1455,30,鳥取市,45,鹿児島市,36049,790622
1456,30,鳥取市,46,那覇市,513936,1582295
1457,31,松江市,0,札幌市,75677,1646623
1458,31,松江市,1,青森市,52837,1213672
1459,31,松江市,2,盛岡市,48756,1136033
1460,31,松江市,3,仙台市,42895,1001289
1461,31,松江市,4,秋田市,44623,1040212
1462,31,松江市,5,山形市,40026,942481
1463,31,松江市,6,福島市,40405,935449
1464,31,松江市,7,水戸市,39017,870977
1465,31,松江市,8,宇都宮市,39254,876121
1466,31,松江市,9,前橋市,36138,819460
1467,31,松江市,10,さいたま市,34915,787930
1468,31,松江市,11,千葉市,36028,805073
1469,31,松江市,12,新宿区,33939,763162
1470,31,松江市,13,横浜市,33669,750319
1471,31,松江市,14,新潟市,33127,784414
1472,31,松江市,15,富山市,23064,545233
1473,31,松江市,16,金沢市,20674,482793
1474,31,松江市,17,福井市,17634,409142
1475,31,松江市,18,甲府市,30365,687103
1476,31,松江市,19,長野市,30035,707525
1477,31,松江市,20,岐阜市,18847,425359
1478,31,松江市,21,静岡市,26646,595645
1479,31,松江市,22,名古屋市,19752,461954
1480,31,松江市,23,津市,18538,423797
1481,31,松江市,24,大津市,14801,321860
1482,31,松江市,25,京都市,14297,311156
1483,31,松江市,26,大阪市,13147,297296
1484,31,松江市,27,神戸市,11831,262993
1485,31,松江市,28,奈良市,14846,327078
1486,31,松江市,29,和歌山市,16289,359214
1487,31,松江市,30,鳥取市,5138,120926
1488,31,松江市,31,松江市,0,0
1489,31,松江市,32,岡山市,7966,176182
1490,31,松江市,33,広島市,7901,170948
1491,31,松江市,34,山口市,10931,245550
1492,31,松江市,35,徳島市,14291,306602
1493,31,松江市,36,高松市,10630,236149
1494,31,松江市,37,松山市,11404,252774
1495,31,松江市,38,高知市,14808,324434
1496,31,松江市,39,福岡市,17890,395407
1497,31,松江市,40,佐賀市,19794,441648
1498,31,松江市,41,長崎市,23693,530577
1499,31,松江市,42,熊本市,21645,488714
1500,31,松江市,43,大分市,20271,450951
1501,31,松江市,44,宮崎市,28406,632955
1502,31,松江市,45,鹿児島市,31249,674492
1503,31,松江市,46,那覇市,509136,1466165
1504,32,岡山市,0,札幌市,73383,1586110
1505,32,岡山市,1,青森市,50542,1153159
1506,32,岡山市,2,盛岡市,46461,1075520
1507,32,岡山市,3,仙台市,40600,940776
1508,32,岡山市,4,秋田市,42329,979699
1509,32,岡山市,5,山形市,37732,881968
1510,32,岡山市,6,福島市,38110,874936
1511,32,岡山市,7,水戸市,34303,757307
1512,32,岡山市,8,宇都宮市,34540,762450
1513,32,岡山市,9,前橋市,32381,646106
1514,32,岡山市,10,さいたま市,30201,674259
1515,32,岡山市,11,千葉市,31313,691402
1516,32,岡山市,12,新宿区,29224,649491
1517,32,岡山市,13,横浜市,28955,636649
1518,32,岡山市,14,新潟市,30833,723901
1519,32,岡山市,15,富山市,20770,484720
1520,32,岡山市,16,金沢市,18380,422280
1521,32,岡山市,17,福井市,15340,348629
1522,32,岡山市,18,甲府市,25651,573432
1523,32,岡山市,19,長野市,26615,586478
1524,32,岡山市,20,岐阜市,14987,318938
1525,32,岡山市,21,静岡市,21932,481974
1526,32,岡山市,22,名古屋市,15236,326561
1527,32,岡山市,23,津市,13296,297748
1528,32,岡山市,24,大津市,10192,214571
1529,32,岡山市,25,京都市,9688,203867
1530,32,岡山市,26,大阪市,7904,171247
1531,32,岡山市,27,神戸市,6589,136944
1532,32,岡山市,28,奈良市,9604,201030
1533,32,岡山市,29,和歌山市,11046,233165
1534,32,岡山市,30,鳥取市,6116,125388
1535,32,岡山市,31,松江市,8014,175622
1536,32,岡山市,32,岡山市,0,0
1537,32,岡山市,33,広島市,7125,162582
1538,32,岡山市,34,山口市,12162,288751
1539,32,岡山市,35,徳島市,7513,148135
1540,32,岡山市,36,高松市,3852,77682
1541,32,岡山市,37,松山市,8016,181444
1542,32,岡山市,38,高知市,8030,165967
1543,32,岡山市,39,福岡市,18852,426979
1544,32,岡山市,40,佐賀市,20755,473220
1545,32,岡山市,41,長崎市,24655,562149
1546,32,岡山市,42,熊本市,22606,520286
1547,32,岡山市,43,大分市,21233,482522
1548,32,岡山市,44,宮崎市,29368,664527
1549,32,岡山市,45,鹿児島市,32210,706064
1550,32,岡山市,46,那覇市,510098,1497737
1551,33,広島市,0,札幌市,80464,1749007
1552,33,広島市,1,青森市,57623,1316056
1553,33,広島市,2,盛岡市,53542,1238417
1554,33,広島市,3,仙台市,47681,1103673
1555,33,広島市,4,秋田市,49409,1142596
1556,33,広島市,5,山形市,44812,1044865
1557,33,広島市,6,福島市,45191,1037834
1558,33,広島市,7,水戸市,41383,920204
1559,33,広島市,8,宇都宮市,41620,925347
1560,33,広島市,9,前橋市,39461,809004
1561,33,広島市,10,さいたま市,37281,837156
1562,33,広島市,11,千葉市,38394,854299
1563,33,広島市,12,新宿区,36305,812389
1564,33,広島市,13,横浜市,36036,799546
1565,33,広島市,14,新潟市,37913,886798
1566,33,広島市,15,富山市,27850,647617
1567,33,広島市,16,金沢市,25460,585177
1568,33,広島市,17,福井市,22420,511526
1569,33,広島市,18,甲府市,32731,736330
1570,33,広島市,19,長野市,33696,749375
1571,33,広島市,20,岐阜市,22068,481835
1572,33,広島市,21,静岡市,29012,644871
1573,33,広島市,22,名古屋市,22317,489458
1574,33,広島市,23,津市,20376,460645
1575,33,広島市,24,大津市,17273,377468
1576,33,広島市,25,京都市,16769,366764
1577,33,広島市,26,大阪市,14985,334144
1578,33,広島市,27,神戸市,13669,299842
1579,33,広島市,28,奈良市,16684,363927
1580,33,広島市,29,和歌山市,18127,396062
1581,33,広島市,30,鳥取市,11894,265262
1582,33,広島市,31,松江市,7935,171076
1583,33,広島市,32,岡山市,7262,162915
1584,33,広島市,33,広島市,0,0
1585,33,広島市,34,山口市,5800,129769
1586,33,広島市,35,徳島市,12975,270562
1587,33,広島市,36,高松市,9314,200109
1588,33,広島市,37,松山市,8165,189252
1589,33,広島市,38,高知市,12008,268704
1590,33,広島市,39,福岡市,12490,267997
1591,33,広島市,40,佐賀市,14393,314238
1592,33,広島市,41,長崎市,18293,403167
1593,33,広島市,42,熊本市,16244,361304
1594,33,広島市,43,大分市,14871,323541
1595,33,広島市,44,宮崎市,23006,505545
1596,33,広島市,45,鹿児島市,25848,547082
1597,33,広島市,46,那覇市,503736,1338755
1598,34,山口市,0,札幌市,85446,1874803
1599,34,山口市,1,青森市,62605,1441852
1600,34,山口市,2,盛岡市,58524,1364212
1601,34,山口市,3,仙台市,52663,1229469
1602,34,山口市,4,秋田市,54392,1268392
1603,34,山口市,5,山形市,49795,1170661
1604,34,山口市,6,福島市,50173,1163629
1605,34,山口市,7,水戸市,46366,1045999
1606,34,山口市,8,宇都宮市,46603,1051143
1607,34,山口市,9,前橋市,44444,934799
1608,34,山口市,10,さいたま市,42264,962952
1609,34,山口市,11,千葉市,43376,980095
1610,34,山口市,12,新宿区,41287,938184
1611,34,山口市,13,横浜市,41018,925341
1612,34,山口市,14,新潟市,42896,1012593
1613,34,山口市,15,富山市,32833,773413
1614,34,山口市,16,金沢市,30443,710973
1615,34,山口市,17,福井市,27403,637322
1616,34,山口市,18,甲府市,37714,862125
1617,34,山口市,19,長野市,38678,875171
1618,34,山口市,20,岐阜市,27050,607631
1619,34,山口市,21,静岡市,33995,770667
1620,34,山口市,22,名古屋市,27299,615254
1621,34,山口市,23,津市,25359,586441
1622,34,山口市,24,大津市,22255,503263
1623,34,山口市,25,京都市,21751,492559
1624,34,山口市,26,大阪市,19967,459940
1625,34,山口市,27,神戸市,18652,425637
1626,34,山口市,28,奈良市,21667,489722
1627,34,山口市,29,和歌山市,23109,521858
1628,34,山口市,30,鳥取市,15733,361822
1629,34,山口市,31,松江市,10947,245779
1630,34,山口市,32,岡山市,12244,288711
1631,34,山口市,33,広島市,5659,130013
1632,34,山口市,34,山口市,0,0
1633,34,山口市,35,徳島市,17958,396358
1634,34,山口市,36,高松市,14297,325905
1635,34,山口市,37,松山市,13148,315048
1636,34,山口市,38,高知市,16990,394500
1637,34,山口市,39,福岡市,7435,152410
1638,34,山口市,40,佐賀市,9338,198651
1639,34,山口市,41,長崎市,13238,287580
1640,34,山口市,42,熊本市,11190,245716
1641,34,山口市,43,大分市,9816,207953
1642,34,山口市,44,宮崎市,17951,389958
1643,34,山口市,45,鹿児島市,20794,431495
1644,34,山口市,46,那覇市,498681,1223168
1645,35,徳島市,0,札幌市,73212,1569220
1646,35,徳島市,1,青森市,50372,1136269
1647,35,徳島市,2,盛岡市,46291,1058629
1648,35,徳島市,3,仙台市,40430,923886
1649,35,徳島市,4,秋田市,42158,962809
1650,35,徳島市,5,山形市,37561,865078
1651,35,徳島市,6,福島市,37940,858046
1652,35,徳島市,7,水戸市,33211,737387
1653,35,徳島市,8,宇都宮市,33448,742530
1654,35,徳島市,9,前橋市,31289,626187
1655,35,徳島市,10,さいたま市,29109,654339
1656,35,徳島市,11,千葉市,30222,671483
1657,35,徳島市,12,新宿区,28133,629572
1658,35,徳島市,13,横浜市,27864,616729
1659,35,徳島市,14,新潟市,30662,707010
1660,35,徳島市,15,富山市,20599,467830
1661,35,徳島市,16,金沢市,18209,405390
1662,35,徳島市,17,福井市,15169,331739
1663,35,徳島市,18,甲府市,24560,553513
1664,35,徳島市,19,長野市,25524,566558
1665,35,徳島市,20,岐阜市,13896,299018
1666,35,徳島市,21,静岡市,20840,462054
1667,35,徳島市,22,名古屋市,14145,306641
1668,35,徳島市,23,津市,12028,270852
1669,35,徳島市,24,大津市,9127,190311
1670,35,徳島市,25,京都市,8971,183521
1671,35,徳島市,26,大阪市,6636,144352
1672,35,徳島市,27,神戸市,5321,110049
1673,35,徳島市,28,奈良市,8336,174134
1674,35,徳島市,29,和歌山市,9778,206269
1675,35,徳島市,30,鳥取市,11983,256722
1676,35,徳島市,31,松江市,14481,296503
1677,35,徳島市,32,岡山市,7755,138766
1678,35,徳島市,33,広島市,13046,259927
1679,35,徳島市,34,山口市,18082,386096
1680,35,徳島市,35,徳島市,0,0
1681,35,徳島市,36,高松市,4443,68901
1682,35,徳島市,37,松山市,9915,188962
1683,35,徳島市,38,高知市,8326,159831
1684,35,徳島市,39,福岡市,24772,524325
1685,35,徳島市,40,佐賀市,26675,570565
1686,35,徳島市,41,長崎市,30575,659494
1687,35,徳島市,42,熊本市,28527,617631
1688,35,徳島市,43,大分市,27153,579868
1689,35,徳島市,44,宮崎市,35288,761873
1690,35,徳島市,45,鹿児島市,38131,803409
1691,35,徳島市,46,那覇市,516018,1595083
1692,36,高松市,0,札幌市,76223,1621138
1693,36,高松市,1,青森市,53382,1188187
1694,36,高松市,2,盛岡市,49301,1110548
1695,36,高松市,3,仙台市,43440,975804
1696,36,高松市,4,秋田市,45168,1014727
1697,36,高松市,5,山形市,40571,916996
1698,36,高松市,6,福島市,40950,909965
1699,36,高松市,7,水戸市,36222,789305
1700,36,高松市,8,宇都宮市,36459,794449
1701,36,高松市,9,前橋市,34300,678105
1702,36,高松市,10,さいたま市,32119,706258
1703,36,高松市,11,千葉市,33232,723401
1704,36,高松市,12,新宿区,31143,681490
1705,36,高松市,13,横浜市,30874,668647
1706,36,高松市,14,新潟市,33672,758929
1707,36,高松市,15,富山市,23609,519748
1708,36,高松市,16,金沢市,21219,457308
1709,36,高松市,17,福井市,18179,383657
1710,36,高松市,18,甲府市,27570,605431
1711,36,高松市,19,長野市,28534,618477
1712,36,高松市,20,岐阜市,16906,350937
1713,36,高松市,21,静岡市,23850,513973
1714,36,高松市,22,名古屋市,17155,358560
1715,36,高松市,23,津市,15038,322771
1716,36,高松市,24,大津市,12137,242229
1717,36,高松市,25,京都市,11981,235439
1718,36,高松市,26,大阪市,9647,196270
1719,36,高松市,27,神戸市,8331,161967
1720,36,高松市,28,奈良市,11346,226053
1721,36,高松市,29,和歌山市,12789,258188
1722,36,高松市,30,鳥取市,9902,203306
1723,36,高松市,31,松江市,10716,235663
1724,36,高松市,32,岡山市,3989,77926
1725,36,高松市,33,広島市,9280,199087
1726,36,高松市,34,山口市,14317,325256
1727,36,高松市,35,徳島市,4399,77324
1728,36,高松市,36,高松市,0,0
1729,36,高松市,37,松山市,7527,158532
1730,36,高松市,38,高知市,6941,134309
1731,36,高松市,39,福岡市,21006,463484
1732,36,高松市,40,佐賀市,22910,509725
1733,36,高松市,41,長崎市,26809,598654
1734,36,高松市,42,熊本市,24761,556791
1735,36,高松市,43,大分市,23387,519027
1736,36,高松市,44,宮崎市,31522,701032
1737,36,高松市,45,鹿児島市,34365,742569
1738,36,高松市,46,那覇市,512252,1534242
1739,37,松山市,0,札幌市,81284,1767534
1740,37,松山市,1,青森市,58444,1334583
1741,37,松山市,2,盛岡市,54363,1256944
1742,37,松山市,3,仙台市,48502,1122200
1743,37,松山市,4,秋田市,50230,1161123
1744,37,松山市,5,山形市,45633,1063392
1745,37,松山市,6,福島市,46012,1056360
1746,37,松山市,7,水戸市,42204,938731
1747,37,松山市,8,宇都宮市,42441,943874
1748,37,松山市,9,前橋市,40282,827530
1749,37,松山市,10,さいたま市,38102,855683
1750,37,松山市,11,千葉市,39215,872826
1751,37,松山市,12,新宿区,37126,830915
1752,37,松山市,13,横浜市,36856,818072
1753,37,松山市,14,新潟市,38734,905324
1754,37,松山市,15,富山市,28671,666144
1755,37,松山市,16,金沢市,26281,603704
1756,37,松山市,17,福井市,23241,530053
1757,37,松山市,18,甲府市,33552,754856
1758,37,松山市,19,長野市,34517,767902
1759,37,松山市,20,岐阜市,22889,500362
1760,37,松山市,21,静岡市,29833,663398
1761,37,松山市,22,名古屋市,23138,507985
1762,37,松山市,23,津市,21197,479172
1763,37,松山市,24,大津市,18094,395995
1764,37,松山市,25,京都市,17589,385291
1765,37,松山市,26,大阪市,15805,352671
1766,37,松山市,27,神戸市,14490,318368
1767,37,松山市,28,奈良市,17505,382454
1768,37,松山市,29,和歌山市,18947,414589
1769,37,松山市,30,鳥取市,13568,308266
1770,37,松山市,31,松江市,11367,252428
1771,37,松山市,32,岡山市,8083,181442
1772,37,松山市,33,広島市,8043,189498
1773,37,松山市,34,山口市,13079,315667
1774,37,松山市,35,徳島市,9927,188945
1775,37,松山市,36,高松市,7474,158074
1776,37,松山市,37,松山市,0,0
1777,37,松山市,38,高知市,6073,118292
1778,37,松山市,39,福岡市,19769,453895
1779,37,松山市,40,佐賀市,21672,500136
1780,37,松山市,41,長崎市,25572,589064
1781,37,松山市,42,熊本市,23524,547201
1782,37,松山市,43,大分市,22150,509438
1783,37,松山市,44,宮崎市,30285,691443
1784,37,松山市,45,鹿児島市,33128,732980
1785,37,松山市,46,那覇市,511015,1524653
1786,38,高知市,0,札幌市,81204,1720167
1787,38,高知市,1,青森市,58364,1287216
1788,38,高知市,2,盛岡市,54283,1209577
1789,38,高知市,3,仙台市,48422,1074833
1790,38,高知市,4,秋田市,50150,1113756
1791,38,高知市,5,山形市,45553,1016025
1792,38,高知市,6,福島市,45932,1008993
1793,38,高知市,7,水戸市,41203,888334
1794,38,高知市,8,宇都宮市,41440,893478
1795,38,高知市,9,前橋市,39281,777134
1796,38,高知市,10,さいたま市,37101,805287
1797,38,高知市,11,千葉市,38214,822430
1798,38,高知市,12,新宿区,36125,780519
1799,38,高知市,13,横浜市,35856,767676
1800,38,高知市,14,新潟市,38654,857958
1801,38,高知市,15,富山市,28591,618777
1802,38,高知市,16,金沢市,26201,556337
1803,38,高知市,17,福井市,23161,482686
1804,38,高知市,18,甲府市,32552,704460
1805,38,高知市,19,長野市,33516,717505
1806,38,高知市,20,岐阜市,21888,449965
1807,38,高知市,21,静岡市,28832,613001
1808,38,高知市,22,名古屋市,22137,457588
1809,38,高知市,23,津市,20020,421800
1810,38,高知市,24,大津市,17119,341258
1811,38,高知市,25,京都市,16963,334468
1812,38,高知市,26,大阪市,14628,295299
1813,38,高知市,27,神戸市,13313,260996
1814,38,高知市,28,奈良市,16328,325081
1815,38,高知市,29,和歌山市,17770,357217
1816,38,高知市,30,鳥取市,14163,291166
1817,38,高知市,31,松江市,14977,323522
1818,38,高知市,32,岡山市,8250,165785
1819,38,高知市,33,広島市,11923,268621
1820,38,高知市,34,山口市,16959,394790
1821,38,高知市,35,徳島市,8422,160129
1822,38,高知市,36,高松市,7045,134139
1823,38,高知市,37,松山市,6099,118768
1824,38,高知市,38,高知市,0,0
1825,38,高知市,39,福岡市,23649,533018
1826,38,高知市,40,佐賀市,25552,579259
1827,38,高知市,41,長崎市,29452,668187
1828,38,高知市,42,熊本市,27404,626324
1829,38,高知市,43,大分市,26030,588561
1830,38,高知市,44,宮崎市,34165,770566
1831,38,高知市,45,鹿児島市,37008,812103
1832,38,高知市,46,那覇市,514895,1603776
1833,39,福岡市,0,札幌市,92096,2013616
1834,39,福岡市,1,青森市,69255,1580665
1835,39,福岡市,2,盛岡市,65174,1503025
1836,39,福岡市,3,仙台市,59313,1368282
1837,39,福岡市,4,秋田市,61042,1407205
1838,39,福岡市,5,山形市,56445,1309474
1839,39,福岡市,6,福島市,56823,1302442
1840,39,福岡市,7,水戸市,53016,1184812
1841,39,福岡市,8,宇都宮市,53253,1189956
1842,39,福岡市,9,前橋市,51094,1073612
1843,39,福岡市,10,さいたま市,48913,1101765
1844,39,福岡市,11,千葉市,50026,1118908
1845,39,福岡市,12,新宿区,47937,1076997
1846,39,福岡市,13,横浜市,47668,1064154
1847,39,福岡市,14,新潟市,49546,1151406
1848,39,福岡市,15,富山市,39483,912226
1849,39,福岡市,16,金沢市,37093,849786
1850,39,福岡市,17,福井市,34053,776135
1851,39,福岡市,18,甲府市,44364,1000938
1852,39,福岡市,19,長野市,45328,1013984
1853,39,福岡市,20,岐阜市,33700,746444
1854,39,福岡市,21,静岡市,40644,909480
1855,39,福岡市,22,名古屋市,33949,754067
1856,39,福岡市,23,津市,32009,725254
1857,39,福岡市,24,大津市,28905,642077
1858,39,福岡市,25,京都市,28401,631372
1859,39,福岡市,26,大阪市,26617,598753
1860,39,福岡市,27,神戸市,25302,564450
1861,39,福岡市,28,奈良市,28317,628536
1862,39,福岡市,29,和歌山市,29759,660671
1863,39,福岡市,30,鳥取市,22653,512206
1864,39,福岡市,31,松江市,17867,396163
1865,39,福岡市,32,岡山市,18894,427524
1866,39,福岡市,33,広島市,12309,268826
1867,39,福岡市,34,山口市,7369,152983
1868,39,福岡市,35,徳島市,24607,535171
1869,39,福岡市,36,高松市,20947,464718
1870,39,福岡市,37,松山市,19797,453861
1871,39,福岡市,38,高知市,23640,533313
1872,39,福岡市,39,福岡市,0,0
1873,39,福岡市,40,佐賀市,2870,56912
1874,39,福岡市,41,長崎市,6808,148171
1875,39,福岡市,42,熊本市,5109,114813
1876,39,福岡市,43,大分市,6989,158973
1877,39,福岡市,44,宮崎市,13542,306555
1878,39,福岡市,45,鹿児島市,14713,300592
1879,39,福岡市,46,那覇市,492600,1092265
1880,40,佐賀市,0,札幌市,93967,2058599
1881,40,佐賀市,1,青森市,71126,1625648
1882,40,佐賀市,2,盛岡市,67045,1548009
1883,40,佐賀市,3,仙台市,61184,1413265
1884,40,佐賀市,4,秋田市,62913,1452188
1885,40,佐賀市,5,山形市,58315,1354457
1886,40,佐賀市,6,福島市,58694,1347426
1887,40,佐賀市,7,水戸市,54887,1229796
1888,40,佐賀市,8,宇都宮市,55124,1234939
1889,40,佐賀市,9,前橋市,52965,1118596
1890,40,佐賀市,10,さいたま市,50784,1146748
1891,40,佐賀市,11,千葉市,51897,1163891
1892,40,佐賀市,12,新宿区,49808,1121981
1893,40,佐賀市,13,横浜市,49539,1109138
1894,40,佐賀市,14,新潟市,51417,1196390
1895,40,佐賀市,15,富山市,41354,957209
1896,40,佐賀市,16,金沢市,38964,894769
1897,40,佐賀市,17,福井市,35924,821118
1898,40,佐賀市,18,甲府市,46235,1045922
1899,40,佐賀市,19,長野市,47199,1058967
1900,40,佐賀市,20,岐阜市,35571,791427
1901,40,佐賀市,21,静岡市,42515,954463
1902,40,佐賀市,22,名古屋市,35820,799050
1903,40,佐賀市,23,津市,33880,770237
1904,40,佐賀市,24,大津市,30776,687060
1905,40,佐賀市,25,京都市,30272,676356
1906,40,佐賀市,26,大阪市,28488,643737
1907,40,佐賀市,27,神戸市,27172,609434
1908,40,佐賀市,28,奈良市,30188,673519
1909,40,佐賀市,29,和歌山市,31630,705654
1910,40,佐賀市,30,鳥取市,24524,557189
1911,40,佐賀市,31,松江市,19738,441147
1912,40,佐賀市,32,岡山市,20765,472507
1913,40,佐賀市,33,広島市,14180,313809
1914,40,佐賀市,34,山口市,9240,197967
1915,40,佐賀市,35,徳島市,26478,580154
1916,40,佐賀市,36,高松市,22818,509702
1917,40,佐賀市,37,松山市,21668,498844
1918,40,佐賀市,38,高知市,25511,578296
1919,40,佐賀市,39,福岡市,2867,56887
1920,40,佐賀市,40,佐賀市,0,0
1921,40,佐賀市,41,長崎市,4865,92814
1922,40,佐賀市,42,熊本市,3960,78581
1923,40,佐賀市,43,大分市,7269,158405
1924,40,佐賀市,44,宮崎市,12286,240485
1925,40,佐賀市,45,鹿児島市,13296,263213
1926,40,佐賀市,46,那覇市,491183,1054886
1927,41,長崎市,0,札幌市,97851,2147359
1928,41,長崎市,1,青森市,75011,1714408
1929,41,長崎市,2,盛岡市,70929,1636769
1930,41,長崎市,3,仙台市,65069,1502025
1931,41,長崎市,4,秋田市,66797,1540948
1932,41,長崎市,5,山形市,62200,1443217
1933,41,長崎市,6,福島市,62579,1436185
1934,41,長崎市,7,水戸市,58771,1318556
1935,41,長崎市,8,宇都宮市,59008,1323699
1936,41,長崎市,9,前橋市,56849,1207355
1937,41,長崎市,10,さいたま市,54669,1235508
1938,41,長崎市,11,千葉市,55782,1252651
1939,41,長崎市,12,新宿区,53692,1210740
1940,41,長崎市,13,横浜市,53423,1197897
1941,41,長崎市,14,新潟市,55301,1285150
1942,41,長崎市,15,富山市,45238,1045969
1943,41,長崎市,16,金沢市,42848,983529
1944,41,長崎市,17,福井市,39808,909878
1945,41,長崎市,18,甲府市,50119,1134681
1946,41,長崎市,19,長野市,51084,1147727
1947,41,長崎市,20,岐阜市,39455,880187
1948,41,長崎市,21,静岡市,46400,1043223
1949,41,長崎市,22,名古屋市,39704,887810
1950,41,長崎市,23,津市,37764,858997
1951,41,長崎市,24,大津市,34661,775820
1952,41,長崎市,25,京都市,34156,765116
1953,41,長崎市,26,大阪市,32372,732496
1954,41,長崎市,27,神戸市,31057,698193
1955,41,長崎市,28,奈良市,34072,762279
1956,41,長崎市,29,和歌山市,35514,794414
1957,41,長崎市,30,鳥取市,28408,645949
1958,41,長崎市,31,松江市,23622,529906
1959,41,長崎市,32,岡山市,24650,561267
1960,41,長崎市,33,広島市,18065,402569
1961,41,長崎市,34,山口市,13125,286727
1962,41,長崎市,35,徳島市,30363,668914
1963,41,長崎市,36,高松市,26702,598461
1964,41,長崎市,37,松山市,25553,587604
1965,41,長崎市,38,高知市,29395,667056
1966,41,長崎市,39,福岡市,6851,148505
1967,41,長崎市,40,佐賀市,4848,92489
1968,41,長崎市,41,長崎市,0,0
1969,41,長崎市,42,熊本市,8663,169913
1970,41,長崎市,43,大分市,11489,255313
1971,41,長崎市,44,宮崎市,16990,331817
1972,41,長崎市,45,鹿児島市,17999,354545
1973,41,長崎市,46,那覇市,495886,1146219
1974,42,熊本市,0,札幌市,95843,2105541
1975,42,熊本市,1,青森市,73002,1672590
1976,42,熊本市,2,盛岡市,68921,1594951
1977,42,熊本市,3,仙台市,63060,1460207
1978,42,熊本市,4,秋田市,64789,1499130
1979,42,熊本市,5,山形市,60191,1401399
1980,42,熊本市,6,福島市,60570,1394367
1981,42,熊本市,7,水戸市,56762,1276738
1982,42,熊本市,8,宇都宮市,56999,1281881
1983,42,熊本市,9,前橋市,54840,1165537
1984,42,熊本市,10,さいたま市,52660,1193690
1985,42,熊本市,11,千葉市,53773,1210833
1986,42,熊本市,12,新宿区,51684,1168922
1987,42,熊本市,13,横浜市,51415,1156080
1988,42,熊本市,14,新潟市,53292,1243332
1989,42,熊本市,15,富山市,43230,1004151
1990,42,熊本市,16,金沢市,40840,941711
1991,42,熊本市,17,福井市,37800,868060
1992,42,熊本市,18,甲府市,48111,1092864
1993,42,熊本市,19,長野市,49075,1105909
1994,42,熊本市,20,岐阜市,37447,838369
1995,42,熊本市,21,静岡市,44391,1001405
1996,42,熊本市,22,名古屋市,37696,845992
1997,42,熊本市,23,津市,35756,817179
1998,42,熊本市,24,大津市,32652,734002
1999,42,熊本市,25,京都市,32148,723298
2000,42,熊本市,26,大阪市,30364,690678
2001,42,熊本市,27,神戸市,29048,656376
2002,42,熊本市,28,奈良市,32063,720461
2003,42,熊本市,29,和歌山市,33506,752596
2004,42,熊本市,30,鳥取市,26400,604131
2005,42,熊本市,31,松江市,21614,488088
2006,42,熊本市,32,岡山市,22641,519449
2007,42,熊本市,33,広島市,16056,360751
2008,42,熊本市,34,山口市,11116,244909
2009,42,熊本市,35,徳島市,28354,627096
2010,42,熊本市,36,高松市,24694,556643
2011,42,熊本市,37,松山市,23544,545786
2012,42,熊本市,38,高知市,27387,625238
2013,42,熊本市,39,福岡市,5117,114855
2014,42,熊本市,40,佐賀市,3926,78153
2015,42,熊本市,41,長崎市,8637,169812
2016,42,熊本市,42,熊本市,0,0
2017,42,熊本市,43,大分市,6789,141910
2018,42,熊本市,44,宮崎市,9075,167089
2019,42,熊本市,45,鹿児島市,10084,189817
2020,42,熊本市,46,那覇市,487971,981490
2021,43,大分市,0,札幌市,94517,2067287
2022,43,大分市,1,青森市,71676,1634335
2023,43,大分市,2,盛岡市,67595,1556696
2024,43,大分市,3,仙台市,61734,1421953
2025,43,大分市,4,秋田市,63463,1460875
2026,43,大分市,5,山形市,58866,1363145
2027,43,大分市,6,福島市,59244,1356113
2028,43,大分市,7,水戸市,55437,1238483
2029,43,大分市,8,宇都宮市,55674,1243627
2030,43,大分市,9,前橋市,53515,1127283
2031,43,大分市,10,さいたま市,51335,1155436
2032,43,大分市,11,千葉市,52447,1172579
2033,43,大分市,12,新宿区,50358,1130668
2034,43,大分市,13,横浜市,50089,1117825
2035,43,大分市,14,新潟市,51967,1205077
2036,43,大分市,15,富山市,41904,965897
2037,43,大分市,16,金沢市,39514,903457
2038,43,大分市,17,福井市,36474,829806
2039,43,大分市,18,甲府市,46785,1054609
2040,43,大分市,19,長野市,47749,1067654
2041,43,大分市,20,岐阜市,36121,800114
2042,43,大分市,21,静岡市,43066,963150
2043,43,大分市,22,名古屋市,36370,807737
2044,43,大分市,23,津市,34430,778924
2045,43,大分市,24,大津市,31326,695747
2046,43,大分市,25,京都市,30822,685043
2047,43,大分市,26,大阪市,29038,652424
2048,43,大分市,27,神戸市,27723,618121
2049,43,大分市,28,奈良市,30738,682206
2050,43,大分市,29,和歌山市,32180,714342
2051,43,大分市,30,鳥取市,25074,565876
2052,43,大分市,31,松江市,20288,449834
2053,43,大分市,32,岡山市,21315,481194
2054,43,大分市,33,広島市,14731,322497
2055,43,大分市,34,山口市,9790,206654
2056,43,大分市,35,徳島市,27029,588842
2057,43,大分市,36,高松市,23368,518389
2058,43,大分市,37,松山市,22219,507532
2059,43,大分市,38,高知市,26061,586983
2060,43,大分市,39,福岡市,7059,159018
2061,43,大分市,40,佐賀市,7342,158418
2062,43,大分市,41,長崎市,11535,260261
2063,43,大分市,42,熊本市,6861,141905
2064,43,大分市,43,大分市,0,0
2065,43,大分市,44,宮崎市,8209,182563
2066,43,大分市,45,鹿児島市,14949,301223
2067,43,大分市,46,那覇市,492836,1092897
2068,44,宮崎市,0,札幌市,102574,2247483
2069,44,宮崎市,1,青森市,79733,1814532
2070,44,宮崎市,2,盛岡市,75652,1736893
2071,44,宮崎市,3,仙台市,69791,1602149
2072,44,宮崎市,4,秋田市,71520,1641072
2073,44,宮崎市,5,山形市,66923,1543341
2074,44,宮崎市,6,福島市,67301,1536309
2075,44,宮崎市,7,水戸市,63494,1418680
2076,44,宮崎市,8,宇都宮市,63731,1423823
2077,44,宮崎市,9,前橋市,61572,1307479
2078,44,宮崎市,10,さいたま市,59392,1335632
2079,44,宮崎市,11,千葉市,60504,1352775
2080,44,宮崎市,12,新宿区,58415,1310864
2081,44,宮崎市,13,横浜市,58146,1298022
2082,44,宮崎市,14,新潟市,60024,1385274
2083,44,宮崎市,15,富山市,49961,1146093
2084,44,宮崎市,16,金沢市,47571,1083653
2085,44,宮崎市,17,福井市,44531,1010002
2086,44,宮崎市,18,甲府市,54842,1234806
2087,44,宮崎市,19,長野市,55806,1247851
2088,44,宮崎市,20,岐阜市,44178,980311
2089,44,宮崎市,21,静岡市,51123,1143347
2090,44,宮崎市,22,名古屋市,44427,987934
2091,44,宮崎市,23,津市,42487,959121
2092,44,宮崎市,24,大津市,39383,875944
2093,44,宮崎市,25,京都市,38879,865240
2094,44,宮崎市,26,大阪市,37095,832620
2095,44,宮崎市,27,神戸市,35780,798318
2096,44,宮崎市,28,奈良市,38795,862403
2097,44,宮崎市,29,和歌山市,40237,894538
2098,44,宮崎市,30,鳥取市,33131,746073
2099,44,宮崎市,31,松江市,28345,630030
2100,44,宮崎市,32,岡山市,29372,661391
2101,44,宮崎市,33,広島市,22788,502693
2102,44,宮崎市,34,山口市,17847,386851
2103,44,宮崎市,35,徳島市,35086,769038
2104,44,宮崎市,36,高松市,31425,698585
2105,44,宮崎市,37,松山市,30276,687728
2106,44,宮崎市,38,高知市,34118,767180
2107,44,宮崎市,39,福岡市,13525,306336
2108,44,宮崎市,40,佐賀市,12317,241215
2109,44,宮崎市,41,長崎市,17028,332873
2110,44,宮崎市,42,熊本市,9111,167986
2111,44,宮崎市,43,大分市,8208,182122
2112,44,宮崎市,44,宮崎市,0,0
2113,44,宮崎市,45,鹿児島市,7471,132654
2114,44,宮崎市,46,那覇市,485358,924327
2115,45,鹿児島市,0,札幌市,105428,2293427
2116,45,鹿児島市,1,青森市,82587,1860476
2117,45,鹿児島市,2,盛岡市,78506,1782837
2118,45,鹿児島市,3,仙台市,72645,1648093
2119,45,鹿児島市,4,秋田市,74374,1687016
2120,45,鹿児島市,5,山形市,69776,1589285
2121,45,鹿児島市,6,福島市,70155,1582253
2122,45,鹿児島市,7,水戸市,66348,1464624
2123,45,鹿児島市,8,宇都宮市,66585,1469767
2124,45,鹿児島市,9,前橋市,64426,1353424
2125,45,鹿児島市,10,さいたま市,62245,1381576
2126,45,鹿児島市,11,千葉市,63358,1398719
2127,45,鹿児島市,12,新宿区,61269,1356808
2128,45,鹿児島市,13,横浜市,61000,1343966
2129,45,鹿児島市,14,新潟市,62878,1431218
2130,45,鹿児島市,15,富山市,52815,1192037
2131,45,鹿児島市,16,金沢市,50425,1129597
2132,45,鹿児島市,17,福井市,47385,1055946
2133,45,鹿児島市,18,甲府市,57696,1280750
2134,45,鹿児島市,19,長野市,58660,1293795
2135,45,鹿児島市,20,岐阜市,47032,1026255
2136,45,鹿児島市,21,静岡市,53976,1189291
2137,45,鹿児島市,22,名古屋市,47281,1033878
2138,45,鹿児島市,23,津市,45341,1005065
2139,45,鹿児島市,24,大津市,42237,921888
2140,45,鹿児島市,25,京都市,41733,911184
2141,45,鹿児島市,26,大阪市,39949,878564
2142,45,鹿児島市,27,神戸市,38633,844261
2143,45,鹿児島市,28,奈良市,41649,908347
2144,45,鹿児島市,29,和歌山市,43091,940482
2145,45,鹿児島市,30,鳥取市,35985,792017
2146,45,鹿児島市,31,松江市,31199,675974
2147,45,鹿児島市,32,岡山市,32226,707335
2148,45,鹿児島市,33,広島市,25641,548637
2149,45,鹿児島市,34,山口市,20701,432795
2150,45,鹿児島市,35,徳島市,37939,814982
2151,45,鹿児島市,36,高松市,34279,744529
2152,45,鹿児島市,37,松山市,33129,733672
2153,45,鹿児島市,38,高知市,36972,813124
2154,45,鹿児島市,39,福岡市,14702,302741
2155,45,鹿児島市,40,佐賀市,13279,265216
2156,45,鹿児島市,41,長崎市,17990,356875
2157,45,鹿児島市,42,熊本市,10074,191987
2158,45,鹿児島市,43,大分市,14972,303078
2159,45,鹿児島市,44,宮崎市,7482,134850
2160,45,鹿児島市,45,鹿児島市,0,0
2161,45,鹿児島市,46,那覇市,478331,795782
2162,46,那覇市,0,札幌市,583369,3083057
2163,46,那覇市,1,青森市,560528,2650105
2164,46,那覇市,2,盛岡市,556447,2572466
2165,46,那覇市,3,仙台市,550586,2437722
2166,46,那覇市,4,秋田市,552315,2476645
2167,46,那覇市,5,山形市,547718,2378914
2168,46,那覇市,6,福島市,548096,2371883
2169,46,那覇市,7,水戸市,544289,2254253
2170,46,那覇市,8,宇都宮市,544526,2259397
2171,46,那覇市,9,前橋市,542367,2143053
2172,46,那覇市,10,さいたま市,540186,2171205
2173,46,那覇市,11,千葉市,541299,2188349
2174,46,那覇市,12,新宿区,539210,2146438
2175,46,那覇市,13,横浜市,538941,2133595
2176,46,那覇市,14,新潟市,540819,2220847
2177,46,那覇市,15,富山市,530756,1981666
2178,46,那覇市,16,金沢市,528366,1919226
2179,46,那覇市,17,福井市,525326,1845575
2180,46,那覇市,18,甲府市,535637,2070379
2181,46,那覇市,19,長野市,536601,2083424
2182,46,那覇市,20,岐阜市,524973,1815884
2183,46,那覇市,21,静岡市,531917,1978920
2184,46,那覇市,22,名古屋市,525222,1823507
2185,46,那覇市,23,津市,523282,1794694
2186,46,那覇市,24,大津市,520178,1711517
2187,46,那覇市,25,京都市,519674,1700813
2188,46,那覇市,26,大阪市,517890,1668193
2189,46,那覇市,27,神戸市,516575,1633891
2190,46,那覇市,28,奈良市,519590,1697976
2191,46,那覇市,29,和歌山市,521032,1730111
2192,46,那覇市,30,鳥取市,513926,1581646
2193,46,那覇市,31,松江市,509140,1465604
2194,46,那覇市,32,岡山市,510167,1496964
2195,46,那覇市,33,広島市,503582,1338266
2196,46,那覇市,34,山口市,498642,1222424
2197,46,那覇市,35,徳島市,515880,1604611
2198,46,那覇市,36,高松市,512220,1534159
2199,46,那覇市,37,松山市,511070,1523301
2200,46,那覇市,38,高知市,514913,1602753
2201,46,那覇市,39,福岡市,492644,1092371
2202,46,那覇市,40,佐賀市,491220,1054845
2203,46,那覇市,41,長崎市,495931,1146504
2204,46,那覇市,42,熊本市,488015,981616
2205,46,那覇市,43,大分市,492913,1092707
2206,46,那覇市,44,宮崎市,485423,924479
2207,46,那覇市,45,鹿児島市,478368,795964
2208,46,那覇市,46,那覇市,0,0
