,prod,cust,demand
0,prod1,cust0,1307396.9093406594
1,prod1,cust1,175590.0686813187
2,prod1,cust10,60701.30494505496
3,prod1,cust11,268475.5494505494
4,prod1,cust12,957706.8543956046
5,prod1,cust13,51625.43956043956
6,prod1,cust14,239253.48901098897
7,prod1,cust15,421610.09615384624
8,prod1,cust16,1259439.519230769
9,prod1,cust17,1081490.989010989
10,prod1,cust18,47347.71978021978
11,prod1,cust19,530229.684065934
12,prod1,cust2,594049.532967033
13,prod1,cust20,108092.14285714284
14,prod1,cust21,136864.9725274725
15,prod1,cust22,310282.0879120879
16,prod1,cust23,92931.60714285713
17,prod1,cust24,499242.7884615384
18,prod1,cust25,171483.81868131866
19,prod1,cust26,83387.45879120879
20,prod1,cust27,1215042.8846153843
21,prod1,cust28,27112.28021978022
22,prod1,cust29,156902.87087912086
23,prod1,cust3,1060277.8708791211
24,prod1,cust30,398874.8076923076
25,prod1,cust31,27534.436813186814
26,prod1,cust32,11654.931318681318
27,prod1,cust33,2580.0686813186812
28,prod1,cust34,36649.40934065934
29,prod1,cust35,28431.895604395602
30,prod1,cust36,34121.48351648352
31,prod1,cust37,160118.6813186813
32,prod1,cust38,34120.480769230766
33,prod1,cust39,46422.18406593406
34,prod1,cust4,32184.175824175825
35,prod1,cust40,121331.41483516485
36,prod1,cust41,94564.07967032968
37,prod1,cust42,470792.84340659337
38,prod1,cust43,318206.7994505495
39,prod1,cust44,292814.23076923075
40,prod1,cust45,299368.1868131868
41,prod1,cust46,380811.3186813187
42,prod1,cust47,159852.95329670334
43,prod1,cust48,57040.27472527473
44,prod1,cust49,12184.38186813187
45,prod1,cust5,1246872.0879120878
46,prod1,cust6,202555.9478021978
47,prod1,cust7,240214.12087912083
48,prod1,cust8,2092074.711538461
49,prod1,cust9,334692.967032967
50,prod23,cust0,873956.4010989014
51,prod23,cust1,116736.82692307694
52,prod23,cust10,40246.26373626374
53,prod23,cust11,178905.15109890111
54,prod23,cust12,639993.4065934066
55,prod23,cust13,34223.76373626374
56,prod23,cust14,159219.21703296702
57,prod23,cust15,281337.78846153844
58,prod23,cust16,840586.9780219779
59,prod23,cust17,723575.3983516484
60,prod23,cust18,31426.098901098903
61,prod23,cust19,354709.8076923077
62,prod23,cust2,396891.37362637365
63,prod23,cust20,71981.20879120879
64,prod23,cust21,91076.52472527472
65,prod23,cust22,206575.96153846156
66,prod23,cust23,61831.40109890111
67,prod23,cust24,332465.8653846154
68,prod23,cust25,114323.21428571429
69,prod23,cust26,55197.22527472528
70,prod23,cust27,810713.131868132
71,prod23,cust28,17905.054945054944
72,prod23,cust29,104303.76373626373
73,prod23,cust3,706038.3516483519
74,prod23,cust30,266107.0604395604
75,prod23,cust31,18164.766483516483
76,prod23,cust32,7613.859890109889
77,prod23,cust33,1724.7252747252746
78,prod23,cust34,24224.368131868134
79,prod23,cust35,18806.524725274725
80,prod23,cust36,22671.11263736264
81,prod23,cust37,106765.50824175825
82,prod23,cust38,22567.829670329673
83,prod23,cust39,31001.936813186814
84,prod23,cust4,21114.848901098903
85,prod23,cust40,80842.48626373625
86,prod23,cust41,62796.043956043955
87,prod23,cust42,314575.8516483516
88,prod23,cust43,212489.1620879121
89,prod23,cust44,194954.1208791209
90,prod23,cust45,199764.29945054944
91,prod23,cust46,254675.74175824175
92,prod23,cust47,106341.34615384617
93,prod23,cust48,38033.20054945055
94,prod23,cust49,8031.002747252747
95,prod23,cust5,832938.0219780221
96,prod23,cust6,135240.52197802195
97,prod23,cust7,159880.02747252746
98,prod23,cust8,1397677.2527472524
99,prod23,cust9,223500.32967032967
100,prod26,cust0,1098511.6208791214
101,prod26,cust1,147225.35714285713
102,prod26,cust10,50800.17857142858
103,prod26,cust11,225337.3626373627
104,prod26,cust12,804632.4725274724
105,prod26,cust13,43191.33241758242
106,prod26,cust14,200553.46153846153
107,prod26,cust15,354088.1043956044
108,prod26,cust16,1057745.934065934
109,prod26,cust17,909009.4368131869
110,prod26,cust18,39669.68406593406
111,prod26,cust19,445591.7994505494
112,prod26,cust2,499107.41758241766
113,prod26,cust20,90646.34615384616
114,prod26,cust21,114796.51098901099
115,prod26,cust22,260140.71428571432
116,prod26,cust23,77826.22252747254
117,prod26,cust24,418866.5796703297
118,prod26,cust25,143874.17582417582
119,prod26,cust26,69834.32692307692
120,prod26,cust27,1019864.1483516484
121,prod26,cust28,22582.87087912088
122,prod26,cust29,131491.25
123,prod26,cust3,889342.5549450549
124,prod26,cust30,335018.8598901099
125,prod26,cust31,22973.94230769231
126,prod26,cust32,9787.815934065935
127,prod26,cust33,2138.85989010989
128,prod26,cust34,30727.184065934067
129,prod26,cust35,23847.335164835164
130,prod26,cust36,28677.56868131868
131,prod26,cust37,134430.3021978022
132,prod26,cust38,28492.06043956044
133,prod26,cust39,38912.60989010989
134,prod26,cust4,26746.277472527472
135,prod26,cust40,101720.68681318681
136,prod26,cust41,79306.27747252746
137,prod26,cust42,395578.77747252746
138,prod26,cust43,267380.5494505495
139,prod26,cust44,245639.98626373627
140,prod26,cust45,251307.5137362637
141,prod26,cust46,319994.69780219777
142,prod26,cust47,133948.9835164835
143,prod26,cust48,47929.31318681319
144,prod26,cust49,10169.862637362638
145,prod26,cust5,1047416.6346153845
146,prod26,cust6,170094.01098901095
147,prod26,cust7,201408.804945055
148,prod26,cust8,1757412.829670329
149,prod26,cust9,281020.92032967036
150,prod28,cust0,720100.879120879
151,prod28,cust1,95924.8076923077
152,prod28,cust10,33012.445054945056
153,prod28,cust11,146985.70054945053
154,prod28,cust12,527449.065934066
155,prod28,cust13,28119.03846153846
156,prod28,cust14,130838.46153846155
157,prod28,cust15,231677.73351648345
158,prod28,cust16,691944.7390109892
159,prod28,cust17,596424.0384615385
160,prod28,cust18,25803.695054945056
161,prod28,cust19,292415.1373626373
162,prod28,cust2,326924.684065934
163,prod28,cust20,59186.153846153844
164,prod28,cust21,74887.17032967033
165,prod28,cust22,169770.12362637362
166,prod28,cust23,50708.92857142857
167,prod28,cust24,273429.12087912083
168,prod28,cust25,93976.46978021979
169,prod28,cust26,45363.28296703297
170,prod28,cust27,666702.5824175823
171,prod28,cust28,14635.096153846156
172,prod28,cust29,85762.96703296703
173,prod28,cust3,580430.2197802196
174,prod28,cust30,219180.4945054945
175,prod28,cust31,14967.005494505494
176,prod28,cust32,6203.997252747253
177,prod28,cust33,1352.706043956044
178,prod28,cust34,19865.425824175825
179,prod28,cust35,15395.178571428574
180,prod28,cust36,18570.879120879123
181,prod28,cust37,88001.0989010989
182,prod28,cust38,18423.475274725275
183,prod28,cust39,25479.807692307695
184,prod28,cust4,17158.00824175824
185,prod28,cust40,66354.79395604396
186,prod28,cust41,51655.52197802198
187,prod28,cust42,259207.15659340663
188,prod28,cust43,174841.01648351652
189,prod28,cust44,160370.37087912086
190,prod28,cust45,164468.59890109894
191,prod28,cust46,209852.93956043955
192,prod28,cust47,87340.28846153845
193,prod28,cust48,31349.890109890104
194,prod28,cust49,6536.90934065934
195,prod28,cust5,685824.9725274725
196,prod28,cust6,111357.0879120879
197,prod28,cust7,131138.28296703292
198,prod28,cust8,1151184.9313186812
199,prod28,cust9,183889.8076923077
200,prod29,cust0,3465759.230769232
201,prod29,cust1,468098.4615384615
202,prod29,cust10,162464.10714285716
203,prod29,cust11,715222.5137362636
204,prod29,cust12,2539130.521978022
205,prod29,cust13,138018.13186813187
206,prod29,cust14,637830.4807692306
207,prod29,cust15,1120891.936813187
208,prod29,cust16,3347023.9285714296
209,prod29,cust17,2862966.7445054944
210,prod29,cust18,126693.10439560437
211,prod29,cust19,1403969.4917582418
212,prod29,cust2,1576531.2637362636
213,prod29,cust20,288220.6456043956
214,prod29,cust21,365089.2445054945
215,prod29,cust22,826693.9148351649
216,prod29,cust23,248405.56318681317
217,prod29,cust24,1328651.1401098904
218,prod29,cust25,456695.2197802197
219,prod29,cust26,224221.30494505493
220,prod29,cust27,3230379.3543956047
221,prod29,cust28,73183.50274725274
222,prod29,cust29,418856.5521978022
223,prod29,cust3,2824470.274725274
224,prod29,cust30,1059326.2637362638
225,prod29,cust31,73911.49725274726
226,prod29,cust32,31786.085164835164
227,prod29,cust33,7181.675824175825
228,prod29,cust34,98424.6565934066
229,prod29,cust35,76378.25549450549
230,prod29,cust36,91700.23351648351
231,prod29,cust37,425884.8076923077
232,prod29,cust38,91607.98076923078
233,prod29,cust39,123037.08791208791
234,prod29,cust4,87574.93131868132
235,prod29,cust40,323630.65934065933
236,prod29,cust41,252834.6978021978
237,prod29,cust42,1249367.9258241758
238,prod29,cust43,845218.6675824175
239,prod29,cust44,779707.184065934
240,prod29,cust45,794268.0769230769
241,prod29,cust46,1009008.4065934066
242,prod29,cust47,426370.1373626375
243,prod29,cust48,151892.14285714287
244,prod29,cust49,33118.73626373627
245,prod29,cust5,3308959.6428571423
246,prod29,cust6,538841.2774725275
247,prod29,cust7,640657.2252747254
248,prod29,cust8,5549119.065934066
249,prod29,cust9,889915.1236263737
250,prod34,cust0,1006429.3406593407
251,prod34,cust1,134689.01098901097
252,prod34,cust10,46450.26098901098
253,prod34,cust11,205988.35164835167
254,prod34,cust12,737175.6593406594
255,prod34,cust13,39526.29120879121
256,prod34,cust14,183667.19780219783
257,prod34,cust15,324431.8543956045
258,prod34,cust16,968906.5384615384
259,prod34,cust17,832992.1703296702
260,prod34,cust18,36312.48626373627
261,prod34,cust19,408424.9725274725
262,prod34,cust2,457165.5082417582
263,prod34,cust20,83012.43131868131
264,prod34,cust21,105148.07692307692
265,prod34,cust22,238216.6483516483
266,prod34,cust23,71232.1565934066
267,prod34,cust24,383572.8846153846
268,prod34,cust25,131736.9230769231
269,prod34,cust26,63946.19505494505
270,prod34,cust27,934672.7472527471
271,prod34,cust28,20735.81043956044
272,prod34,cust29,120546.26373626373
273,prod34,cust3,814168.598901099
274,prod34,cust30,306779.49175824184
275,prod34,cust31,21110.837912087914
276,prod34,cust32,8933.475274725275
277,prod34,cust33,1982.4313186813188
278,prod34,cust34,28022.774725274725
279,prod34,cust35,21738.557692307688
280,prod34,cust36,26182.733516483517
281,prod34,cust37,123155.41208791207
282,prod34,cust38,26127.582417582416
283,prod34,cust39,35638.64010989011
284,prod34,cust4,24412.884615384617
285,prod34,cust40,93171.26373626372
286,prod34,cust41,72531.71703296703
287,prod34,cust42,362440.989010989
288,prod34,cust43,244851.8269230769
289,prod34,cust44,224837.9945054945
290,prod34,cust45,230244.8076923077
291,prod34,cust46,293295.5494505495
292,prod34,cust47,122645.01373626373
293,prod34,cust48,43855.1510989011
294,prod34,cust49,9264.381868131868
295,prod34,cust5,959591.0164835165
296,prod34,cust6,155892.1016483516
297,prod34,cust7,184498.47527472526
298,prod34,cust8,1610134.326923077
299,prod34,cust9,257521.53846153847
300,prod39,cust0,830052.1153846153
301,prod39,cust1,110671.2087912088
302,prod39,cust10,38237.76098901099
303,prod39,cust11,169827.28021978022
304,prod39,cust12,607710.9615384615
305,prod39,cust13,32500.041208791212
306,prod39,cust14,151215.28846153847
307,prod39,cust15,267313.3653846154
308,prod39,cust16,798390.3708791211
309,prod39,cust17,687331.098901099
310,prod39,cust18,29772.56868131868
311,prod39,cust19,336864.9175824176
312,prod39,cust2,376794.3131868132
313,prod39,cust20,68308.1456043956
314,prod39,cust21,86498.98351648351
315,prod39,cust22,195975.9203296703
316,prod39,cust23,58616.59340659341
317,prod39,cust24,315589.62912087917
318,prod39,cust25,108545.38461538461
319,prod39,cust26,52343.406593406595
320,prod39,cust27,769680.7142857142
321,prod39,cust28,16959.464285714286
322,prod39,cust29,99132.59615384616
323,prod39,cust3,670295.4258241755
324,prod39,cust30,252871.7994505494
325,prod39,cust31,17271.318681318684
326,prod39,cust32,7269.917582417583
327,prod39,cust33,1603.392857142857
328,prod39,cust34,23117.335164835164
329,prod39,cust35,17798.763736263736
330,prod39,cust36,21412.664835164836
331,prod39,cust37,101492.06043956045
332,prod39,cust38,21431.717032967033
333,prod39,cust39,29401.552197802197
334,prod39,cust4,20022.857142857145
335,prod39,cust40,76525.65934065935
336,prod39,cust41,59577.22527472528
337,prod39,cust42,298750.4945054945
338,prod39,cust43,201708.62637362632
339,prod39,cust44,185174.3269230769
340,prod39,cust45,189716.77197802195
341,prod39,cust46,241826.53846153844
342,prod39,cust47,101051.8543956044
343,prod39,cust48,36164.07967032967
344,prod39,cust49,7600.824175824176
345,prod39,cust5,790978.0631868131
346,prod39,cust6,128431.8681318681
347,prod39,cust7,151514.1071428571
348,prod39,cust8,1327534.0796703296
349,prod39,cust9,212101.09890109889
350,prod43,cust0,3524269.532967033
351,prod43,cust1,476145.5082417582
352,prod43,cust10,165150.46703296705
353,prod43,cust11,727408.9010989012
354,prod43,cust12,2582326.8681318676
355,prod43,cust13,140313.42032967033
356,prod43,cust14,648845.6593406595
357,prod43,cust15,1139971.208791209
358,prod43,cust16,3403932.8434065934
359,prod43,cust17,2911445.563186813
360,prod43,cust18,128658.48901098903
361,prod43,cust19,1427696.4972527472
362,prod43,cust2,1603321.6620879122
363,prod43,cust20,293188.2554945055
364,prod43,cust21,371265.16483516485
365,prod43,cust22,841122.4450549454
366,prod43,cust23,252711.3598901099
367,prod43,cust24,1351444.587912088
368,prod43,cust25,464414.36813186813
369,prod43,cust26,228120.98901098903
370,prod43,cust27,3285323.8873626376
371,prod43,cust28,74541.22252747252
372,prod43,cust29,425822.6373626374
373,prod43,cust3,2872967.142857142
374,prod43,cust30,1077128.0357142857
375,prod43,cust31,75207.0467032967
376,prod43,cust32,32310.52197802198
377,prod43,cust33,7347.129120879121
378,prod43,cust34,100067.15659340659
379,prod43,cust35,77703.88736263737
380,prod43,cust36,93376.82692307694
381,prod43,cust37,433092.55494505493
382,prod43,cust38,93095.05494505496
383,prod43,cust39,125069.65659340659
384,prod43,cust4,89142.2252747253
385,prod43,cust40,329104.6565934066
386,prod43,cust41,257283.88736263735
387,prod43,cust42,1270318.324175824
388,prod43,cust43,859568.9835164835
389,prod43,cust44,792957.4862637364
390,prod43,cust45,807871.3461538462
391,prod43,cust46,1026013.9972527472
392,prod43,cust47,433748.3516483517
393,prod43,cust48,154389.98626373627
394,prod43,cust49,33749.46428571429
395,prod43,cust5,3364938.008241758
396,prod43,cust6,547862.9945054945
397,prod43,cust7,651591.1813186816
398,prod43,cust8,5643581.868131871
399,prod43,cust9,904996.4423076925
400,prod44,cust0,2909349.8214285714
401,prod44,cust1,392637.7197802197
402,prod44,cust10,136206.1675824176
403,prod44,cust11,600168.2967032966
404,prod44,cust12,2131639.1071428573
405,prod44,cust13,115804.27197802198
406,prod44,cust14,535142.1428571428
407,prod44,cust15,940725.3296703295
408,prod44,cust16,2808899.615384615
409,prod44,cust17,2403832.8434065934
410,prod44,cust18,106102.69230769231
411,prod44,cust19,1178781.5384615387
412,prod44,cust2,1323164.1071428573
413,prod44,cust20,241773.39285714284
414,prod44,cust21,306235.0
415,prod44,cust22,693688.5164835164
416,prod44,cust23,208383.91483516482
417,prod44,cust24,1114843.3653846153
418,prod44,cust25,383063.489010989
419,prod44,cust26,187771.44230769228
420,prod44,cust27,2710777.788461539
421,prod44,cust28,61320.0
422,prod44,cust29,351395.7280219781
423,prod44,cust3,2369657.2115384606
424,prod44,cust30,888832.1565934065
425,prod44,cust31,61986.82692307692
426,prod44,cust32,26571.79945054945
427,prod44,cust33,5997.431318681319
428,prod44,cust34,82479.97252747254
429,prod44,cust35,64078.557692307695
430,prod44,cust36,76903.69505494506
431,prod44,cust37,357373.1043956044
432,prod44,cust38,76700.13736263737
433,prod44,cust39,103276.95054945054
434,prod44,cust4,73134.36813186813
435,prod44,cust40,271455.7142857143
436,prod44,cust41,212081.04395604396
437,prod44,cust42,1048520.6593406593
438,prod44,cust43,709285.2472527473
439,prod44,cust44,654226.4010989012
440,prod44,cust45,666542.1428571428
441,prod44,cust46,847020.6043956045
442,prod44,cust47,357617.77472527465
443,prod44,cust48,127430.12362637362
444,prod44,cust49,27792.142857142855
445,prod44,cust5,2777412.348901099
446,prod44,cust6,452062.5274725273
447,prod44,cust7,537415.3708791207
448,prod44,cust8,4658126.991758241
449,prod44,cust9,746735.8516483515
450,prod46,cust0,6857762.390109893
451,prod46,cust1,928354.436813187
452,prod46,cust10,322505.5769230769
453,prod46,cust11,1417520.618131868
454,prod46,cust12,5024836.675824175
455,prod46,cust13,273911.4423076923
456,prod46,cust14,1264649.7939560437
457,prod46,cust15,2219773.5714285714
458,prod46,cust16,6628046.030219779
459,prod46,cust17,5662629.052197802
460,prod46,cust18,251268.40659340663
461,prod46,cust19,2777025.2884615385
462,prod46,cust2,3120626.662087912
463,prod46,cust20,571578.9697802197
464,prod46,cust21,723777.9532967033
465,prod46,cust22,1638929.2170329667
466,prod46,cust23,493280.45329670334
467,prod46,cust24,2633328.5989010986
468,prod46,cust25,905162.8983516485
469,prod46,cust26,445764.27197802195
470,prod46,cust27,6397922.554945055
471,prod46,cust28,145847.58241758242
472,prod46,cust29,830580.563186813
473,prod46,cust3,5598414.120879121
474,prod46,cust30,2097350.1648351653
475,prod46,cust31,146945.59065934064
476,prod46,cust32,63386.66208791209
477,prod46,cust33,14495.714285714286
478,prod46,cust34,195376.27747252746
479,prod46,cust35,151931.24999999997
480,prod46,cust36,182503.00824175825
481,prod46,cust37,843483.9148351649
482,prod46,cust38,181958.5164835165
483,prod46,cust39,243579.34065934067
484,prod46,cust4,175095.71428571432
485,prod46,cust40,641544.6565934067
486,prod46,cust41,502281.1126373627
487,prod46,cust42,2472691.497252747
488,prod46,cust43,1673563.1043956045
489,prod46,cust44,1545373.9010989012
490,prod46,cust45,1572390.9203296702
491,prod46,cust46,1996084.7252747251
492,prod46,cust47,845651.8543956045
493,prod46,cust48,300801.1126373626
494,prod46,cust49,66139.2032967033
495,prod46,cust5,6549831.744505494
496,prod46,cust6,1067423.447802198
497,prod46,cust7,1270616.1401098901
498,prod46,cust8,10982520.096153848
499,prod46,cust9,1763061.3049450547
500,prod48,cust0,1432950.8928571432
501,prod48,cust1,192528.4752747253
502,prod48,cust10,66642.58241758242
503,prod48,cust11,294443.69505494507
504,prod48,cust12,1049773.0906593408
505,prod48,cust13,56694.32692307692
506,prod48,cust14,262571.37362637365
507,prod48,cust15,462592.3763736263
508,prod48,cust16,1381161.0027472521
509,prod48,cust17,1185262.2939560441
510,prod48,cust18,51906.208791208795
511,prod48,cust19,581032.870879121
512,prod48,cust2,651387.6236263735
513,prod48,cust20,118504.67032967032
514,prod48,cust21,150274.71153846156
515,prod48,cust22,340129.8626373628
516,prod48,cust23,101982.40384615384
517,prod48,cust24,547310.480769231
518,prod48,cust25,188279.83516483515
519,prod48,cust26,91558.84615384616
520,prod48,cust27,1332340.247252747
521,prod48,cust28,29723.434065934067
522,prod48,cust29,172249.91758241758
523,prod48,cust3,1162711.5109890113
524,prod48,cust30,437186.77197802195
525,prod48,cust31,30242.857142857145
526,prod48,cust32,12863.241758241758
527,prod48,cust33,2864.8489010989015
528,prod48,cust34,40172.06043956044
529,prod48,cust35,31142.321428571428
530,prod48,cust36,37514.780219780216
531,prod48,cust37,175714.40934065936
532,prod48,cust38,37437.568681318684
533,prod48,cust39,50872.37637362638
534,prod48,cust4,35433.076923076915
535,prod48,cust40,133136.75824175825
536,prod48,cust41,103805.39835164834
537,prod48,cust42,516301.5247252747
538,prod48,cust43,348926.9642857143
539,prod48,cust44,321039.5604395604
540,prod48,cust45,328091.88186813187
541,prod48,cust46,417468.75
542,prod48,cust47,175291.25
543,prod48,cust48,62618.557692307695
544,prod48,cust49,13377.651098901099
545,prod48,cust5,1367157.6373626376
546,prod48,cust6,222147.62362637356
547,prod48,cust7,263452.78846153844
548,prod48,cust8,2293551.7032967033
549,prod48,cust9,366969.3956043956
550,prod51,cust0,2735113.461538462
551,prod51,cust1,369006.97802197805
552,prod51,cust10,127906.42857142855
553,prod51,cust11,563845.782967033
554,prod51,cust12,2003932.225274725
555,prod51,cust13,108788.04945054946
556,prod51,cust14,502866.7170329671
557,prod51,cust15,884209.4917582418
558,prod51,cust16,2640448.104395604
559,prod51,cust17,2259928.585164835
560,prod51,cust18,99752.29395604397
561,prod51,cust19,1108219.2170329671
562,prod51,cust2,1243957.101648352
563,prod51,cust20,227108.2142857143
564,prod51,cust21,287757.37637362635
565,prod51,cust22,652044.4230769232
566,prod51,cust23,195823.50274725276
567,prod51,cust24,1047847.8159340657
568,prod51,cust25,360158.73626373627
569,prod51,cust26,176603.84615384619
570,prod51,cust27,2547855.425824176
571,prod51,cust28,57678.02197802198
572,prod51,cust29,330184.6153846154
573,prod51,cust3,2227275.123626373
574,prod51,cust30,835548.1730769232
575,prod51,cust31,58235.54945054946
576,prod51,cust32,25014.532967032967
577,prod51,cust33,5641.456043956045
578,prod51,cust34,77463.22802197802
579,prod51,cust35,60155.81043956044
580,prod51,cust36,72412.39010989011
581,prod51,cust37,335998.54395604396
582,prod51,cust38,72120.59065934067
583,prod51,cust39,97140.13736263735
584,prod51,cust4,68896.75824175825
585,prod51,cust40,255122.96703296705
586,prod51,cust41,199193.73626373627
587,prod51,cust42,985715.5906593408
588,prod51,cust43,666896.1126373626
589,prod51,cust44,614960.8241758241
590,prod51,cust45,626593.6950549451
591,prod51,cust46,796338.75
592,prod51,cust47,336195.0824175824
593,prod51,cust48,119764.12087912089
594,prod51,cust49,25985.19230769231
595,prod51,cust5,2610864.052197802
596,prod51,cust6,425012.41758241755
597,prod51,cust7,505005.576923077
598,prod51,cust8,4379018.310439561
599,prod51,cust9,701814.7802197802
600,prod54,cust0,1070949.107142857
601,prod54,cust1,143244.45054945056
602,prod54,cust10,49559.78021978022
603,prod54,cust11,219495.35714285716
604,prod54,cust12,784303.7774725272
605,prod54,cust13,42092.32142857143
606,prod54,cust14,195613.9285714286
607,prod54,cust15,345264.93131868134
608,prod54,cust16,1030938.4890109887
609,prod54,cust17,886070.5906593406
610,prod54,cust18,38583.70879120879
611,prod54,cust19,434397.12912087905
612,prod54,cust2,486550.01373626373
613,prod54,cust20,88316.96428571428
614,prod54,cust21,111986.81318681317
615,prod54,cust22,253697.06043956033
616,prod54,cust23,75939.0521978022
617,prod54,cust24,408212.39010989014
618,prod54,cust25,140272.30769230772
619,prod54,cust26,67971.22252747252
620,prod54,cust27,994380.3296703295
621,prod54,cust28,22070.46703296703
622,prod54,cust29,128247.36263736263
623,prod54,cust3,867136.7170329671
624,prod54,cust30,326507.5412087912
625,prod54,cust31,22522.706043956045
626,prod54,cust32,9425.824175824177
627,prod54,cust33,2053.6263736263736
628,prod54,cust34,29804.65659340659
629,prod54,cust35,23150.42582417583
630,prod54,cust36,27901.442307692312
631,prod54,cust37,131108.20054945056
632,prod54,cust38,27754.038461538457
633,prod54,cust39,37963.00824175824
634,prod54,cust4,26053.37912087912
635,prod54,cust40,99191.75824175826
636,prod54,cust41,77264.68406593405
637,prod54,cust42,385659.6016483516
638,prod54,cust43,260455.57692307694
639,prod54,cust44,239207.36263736262
640,prod54,cust45,244910.989010989
641,prod54,cust46,312009.8214285715
642,prod54,cust47,130730.16483516483
643,prod54,cust48,46741.057692307695
644,prod54,cust49,9949.258241758242
645,prod54,cust5,1021056.4148351649
646,prod54,cust6,165741.0851648352
647,prod54,cust7,196182.48626373627
648,prod54,cust8,1713245.8241758237
649,prod54,cust9,273867.3214285715
650,prod60,cust0,677607.4587912088
651,prod60,cust1,90172.04670329671
652,prod60,cust10,31036.03021978022
653,prod60,cust11,138191.6071428572
654,prod60,cust12,496019.9587912088
655,prod60,cust13,26410.35714285714
656,prod60,cust14,123050.12362637366
657,prod60,cust15,217928.06318681323
658,prod60,cust16,650654.6153846155
659,prod60,cust17,561466.2637362637
660,prod60,cust18,24297.56868131868
661,prod60,cust19,275166.88186813187
662,prod60,cust2,307572.66483516496
663,prod60,cust20,55663.50274725274
664,prod60,cust21,70457.03296703297
665,prod60,cust22,159531.07142857145
666,prod60,cust23,47594.395604395606
667,prod60,cust24,257330.01373626367
668,prod60,cust25,88351.05769230769
669,prod60,cust26,42459.32692307692
670,prod60,cust27,627345.7554945057
671,prod60,cust28,13641.373626373626
672,prod60,cust29,80643.94230769228
673,prod60,cust3,546131.2499999998
674,prod60,cust30,206246.05769230766
675,prod60,cust31,14065.535714285714
676,prod60,cust32,5834.986263736264
677,prod60,cust33,1301.565934065934
678,prod60,cust34,18666.140109890108
679,prod60,cust35,14525.796703296703
680,prod60,cust36,17369.58791208791
681,prod60,cust37,82706.59340659341
682,prod60,cust38,17318.447802197803
683,prod60,cust39,24012.788461538465
684,prod60,cust4,16223.447802197801
685,prod60,cust40,62296.675824175836
686,prod60,cust41,48561.043956043955
687,prod60,cust42,243940.32967032964
688,prod60,cust43,164511.71703296702
689,prod60,cust44,150776.08516483518
690,prod60,cust45,154797.10164835164
691,prod60,cust46,197502.10164835164
692,prod60,cust47,82145.05494505496
693,prod60,cust48,29456.703296703297
694,prod60,cust49,6218.035714285714
695,prod60,cust5,645544.6153846153
696,prod60,cust6,104646.70329670332
697,prod60,cust7,123374.01098901102
698,prod60,cust8,1083504.5054945054
699,prod60,cust9,173001.978021978
700,prod63,cust0,836924.945054945
701,prod63,cust1,111766.20879120877
702,prod63,cust10,38570.67307692308
703,prod63,cust11,171239.14835164836
704,prod63,cust12,612872.1016483518
705,prod63,cust13,32726.662087912086
706,prod63,cust14,152396.52472527474
707,prod63,cust15,269418.1318681319
708,prod63,cust16,804821.9917582417
709,prod63,cust17,692995.6181318682
710,prod63,cust18,30108.48901098901
711,prod63,cust19,339695.6730769231
712,prod63,cust2,379960.9890109889
713,prod63,cust20,68828.57142857143
714,prod63,cust21,87226.97802197802
715,prod63,cust22,197627.44505494495
716,prod63,cust23,59069.83516483517
717,prod63,cust24,318282.00549450546
718,prod63,cust25,109246.30494505494
719,prod63,cust26,52941.04395604396
720,prod63,cust27,776010.0549450552
721,prod63,cust28,17118.901098901097
722,prod63,cust29,99745.2747252747
723,prod63,cust3,676202.60989011
724,prod63,cust30,255061.79945054944
725,prod63,cust31,17482.89835164835
726,prod63,cust32,7249.8626373626375
727,prod63,cust33,1622.4450549450548
728,prod63,cust34,23219.615384615383
729,prod63,cust35,17987.28021978022
730,prod63,cust36,21676.38736263736
731,prod63,cust37,102406.56593406593
732,prod63,cust38,21600.178571428572
733,prod63,cust39,29657.252747252747
734,prod63,cust4,20170.260989010992
735,prod63,cust40,77339.89010989013
736,prod63,cust41,60151.79945054945
737,prod63,cust42,301265.38461538457
738,prod63,cust43,203398.2554945055
739,prod63,cust44,186793.7637362637
740,prod63,cust45,191283.06318681315
741,prod63,cust46,243954.36813186813
742,prod63,cust47,101673.55769230773
743,prod63,cust48,36426.79945054945
744,prod63,cust49,7639.931318681319
745,prod63,cust5,797548.0631868131
746,prod63,cust6,129416.56593406592
747,prod63,cust7,153005.19230769234
748,prod63,cust8,1338658.557692308
749,prod63,cust9,213998.29670329663
750,prod68,cust0,1094309.107142857
751,prod68,cust1,146599.64285714284
752,prod68,cust10,50507.37637362638
753,prod68,cust11,224289.49175824167
754,prod68,cust12,801519.9450549451
755,prod68,cust13,43211.38736263736
756,prod68,cust14,199890.64560439563
757,prod68,cust15,352815.6181318681
758,prod68,cust16,1053753.9972527474
759,prod68,cust17,905673.2967032967
760,prod68,cust18,39593.47527472527
761,prod68,cust19,443957.3214285715
762,prod68,cust2,497282.41758241755
763,prod68,cust20,90271.31868131868
764,prod68,cust21,114425.49450549451
765,prod68,cust22,259178.07692307697
766,prod68,cust23,77789.12087912088
767,prod68,cust24,417337.39010989014
768,prod68,cust25,143285.5631868132
769,prod68,cust26,69495.39835164834
770,prod68,cust27,1016411.6895604392
771,prod68,cust28,22558.804945054944
772,prod68,cust29,131115.21978021978
773,prod68,cust3,886283.1730769236
774,prod68,cust30,333675.1785714285
775,prod68,cust31,22984.972527472528
776,prod68,cust32,9666.483516483517
777,prod68,cust33,2136.8543956043954
778,prod68,cust34,30517.60989010989
779,prod68,cust35,23669.8489010989
780,prod68,cust36,28477.019230769227
781,prod68,cust37,133969.03846153847
782,prod68,cust38,28438.914835164836
783,prod68,cust39,38783.255494505494
784,prod68,cust4,26608.9010989011
785,prod68,cust40,101465.98901098901
786,prod68,cust41,78858.04945054944
787,prod68,cust42,394097.7197802197
788,prod68,cust43,266219.36813186813
789,prod68,cust44,244746.5384615384
790,prod68,cust45,250296.74450549448
791,prod68,cust46,318844.54670329666
792,prod68,cust47,133359.36813186813
793,prod68,cust48,47716.73076923077
794,prod68,cust49,10110.70054945055
795,prod68,cust5,1043579.1208791207
796,prod68,cust6,169516.42857142855
797,prod68,cust7,200781.08516483512
798,prod68,cust8,1750794.697802198
799,prod68,cust9,280141.510989011
800,prod71,cust0,1418472.225274725
801,prod71,cust1,190466.8269230769
802,prod71,cust10,65865.4532967033
803,prod71,cust11,291338.18681318685
804,prod71,cust12,1039168.0357142857
805,prod71,cust13,56006.442307692305
806,prod71,cust14,259567.1428571429
807,prod71,cust15,457848.37912087905
808,prod71,cust16,1367127.554945055
809,prod71,cust17,1173247.3763736265
810,prod71,cust18,51299.546703296706
811,prod71,cust19,575198.8873626372
812,prod71,cust2,644717.3489010988
813,prod71,cust20,117406.66208791209
814,prod71,cust21,148692.37637362638
815,prod71,cust22,336692.44505494507
816,prod71,cust23,100911.46978021979
817,prod71,cust24,541716.1538461539
818,prod71,cust25,186102.8708791209
819,prod71,cust26,90617.26648351649
820,prod71,cust27,1318673.8049450552
821,prod71,cust28,29543.94230769231
822,prod71,cust29,170301.57967032967
823,prod71,cust3,1151416.565934066
824,prod71,cust30,432907.0467032967
825,prod71,cust31,29903.928571428572
826,prod71,cust32,12703.804945054944
827,prod71,cust33,2852.815934065934
828,prod71,cust34,39870.23351648352
829,prod71,cust35,30756.263736263736
830,prod71,cust36,37074.57417582418
831,prod71,cust37,173828.24175824178
832,prod71,cust38,37095.631868131866
833,prod71,cust39,50249.67032967033
834,prod71,cust4,34862.51373626374
835,prod71,cust40,131796.08516483518
836,prod71,cust41,102658.25549450549
837,prod71,cust42,510942.8434065934
838,prod71,cust43,345246.8818681318
839,prod71,cust44,317677.34890109894
840,prod71,cust45,324722.6510989011
841,prod71,cust46,413191.0302197802
842,prod71,cust47,173665.79670329666
843,prod71,cust48,61976.79945054945
844,prod71,cust49,13276.373626373626
845,prod71,cust5,1353094.107142857
846,prod71,cust6,219878.40659340666
847,prod71,cust7,260631.05769230766
848,prod71,cust8,2270235.824175825
849,prod71,cust9,363430.70054945047
850,prod73,cust0,737522.6098901099
851,prod73,cust1,98316.35989010989
852,prod73,cust10,33933.96978021978
853,prod73,cust11,150554.478021978
854,prod73,cust12,540178.9423076924
855,prod73,cust13,28818.95604395605
856,prod73,cust14,133996.11263736265
857,prod73,cust15,237278.07692307694
858,prod73,cust16,708691.6208791208
859,prod73,cust17,610907.7197802197
860,prod73,cust18,26359.217032967033
861,prod73,cust19,299411.304945055
862,prod73,cust2,334837.36263736273
863,prod73,cust20,60458.64010989011
864,prod73,cust21,76640.97527472528
865,prod73,cust22,173863.33791208797
866,prod73,cust23,51935.288461538454
867,prod73,cust24,280291.92307692306
868,prod73,cust25,96303.84615384616
869,prod73,cust26,46495.38461538461
870,prod73,cust27,683191.7582417581
871,prod73,cust28,14967.005494505494
872,prod73,cust29,87914.86263736263
873,prod73,cust3,594850.728021978
874,prod73,cust30,224613.3791208791
875,prod73,cust31,15231.73076923077
876,prod73,cust32,6361.428571428572
877,prod73,cust33,1435.934065934066
878,prod73,cust34,20342.733516483517
879,prod73,cust35,15738.11813186813
880,prod73,cust36,19066.236263736264
881,prod73,cust37,90033.66758241758
882,prod73,cust38,19084.285714285714
883,prod73,cust39,26141.620879120877
884,prod73,cust4,17627.29395604396
885,prod73,cust40,67980.24725274724
886,prod73,cust41,52838.76373626374
887,prod73,cust42,265486.35989010986
888,prod73,cust43,179095.67307692306
889,prod73,cust44,164141.70329670326
890,prod73,cust45,168417.4175824176
891,prod73,cust46,214971.96428571426
892,prod73,cust47,89445.05494505494
893,prod73,cust48,32129.02472527472
894,prod73,cust49,6681.304945054945
895,prod73,cust5,702630.0137362637
896,prod73,cust6,114057.48626373624
897,prod73,cust7,134717.08791208785
898,prod73,cust8,1179189.6565934066
899,prod73,cust9,188343.0082417583
900,prod74,cust0,1199217.5274725277
901,prod74,cust1,160816.59340659343
902,prod74,cust10,55699.60164835165
903,prod74,cust11,246010.0
904,prod74,cust12,878472.7747252748
905,prod74,cust13,47322.65109890111
906,prod74,cust14,219269.739010989
907,prod74,cust15,386903.0082417582
908,prod74,cust16,1155131.7445054944
909,prod74,cust17,992029.8901098901
910,prod74,cust18,43393.88736263736
911,prod74,cust19,486402.60989010986
912,prod74,cust2,544825.673076923
913,prod74,cust20,99012.26648351649
914,prod74,cust21,125373.489010989
915,prod74,cust22,284351.043956044
916,prod74,cust23,85030.96153846153
917,prod74,cust24,457442.26648351655
918,prod74,cust25,157224.75274725273
919,prod74,cust26,76467.5
920,prod74,cust27,1114040.1648351655
921,prod74,cust28,24798.942307692305
922,prod74,cust29,143754.8489010989
923,prod74,cust3,971839.5741758244
924,prod74,cust30,365846.3186813187
925,prod74,cust31,25272.23901098901
926,prod74,cust32,10718.365384615383
927,prod74,cust33,2393.5576923076924
928,prod74,cust34,33513.818681318684
929,prod74,cust35,25952.101648351647
930,prod74,cust36,31262.6510989011
931,prod74,cust37,146892.44505494507
932,prod74,cust38,31336.854395604394
933,prod74,cust39,42538.543956043955
934,prod74,cust4,29428.626373626375
935,prod74,cust40,111261.82692307694
936,prod74,cust41,86676.46978021979
937,prod74,cust42,431816.0576923076
938,prod74,cust43,291784.4093406593
939,prod74,cust44,268275.0
940,prod74,cust45,274419.8351648352
941,prod74,cust46,349321.04395604396
942,prod74,cust47,146425.16483516485
943,prod74,cust48,52320.343406593405
944,prod74,cust49,11198.68131868132
945,prod74,cust5,1143628.2280219782
946,prod74,cust6,185849.1758241758
947,prod74,cust7,219950.60439560443
948,prod74,cust8,1919124.8763736265
949,prod74,cust9,306887.7884615385
950,prod79,cust0,930334.8626373623
951,prod79,cust1,124401.82692307694
952,prod79,cust10,43003.818681318684
953,prod79,cust11,190506.93681318677
954,prod79,cust12,681553.2692307694
955,prod79,cust13,36627.3489010989
956,prod79,cust14,169689.90384615384
957,prod79,cust15,299780.3159340659
958,prod79,cust16,895017.1016483518
959,prod79,cust17,770174.065934066
960,prod79,cust18,33512.81593406593
961,prod79,cust19,377642.6373626373
962,prod79,cust2,422465.43956043955
963,prod79,cust20,76565.76923076923
964,prod79,cust21,97085.98901098901
965,prod79,cust22,219965.64560439563
966,prod79,cust23,65769.18956043955
967,prod79,cust24,354229.4917582418
968,prod79,cust25,121672.3489010989
969,prod79,cust26,58805.10989010989
970,prod79,cust27,863380.4258241757
971,prod79,cust28,19117.37637362637
972,prod79,cust29,111195.6456043956
973,prod79,cust3,752402.3763736262
974,prod79,cust30,283585.9478021978
975,prod79,cust31,19383.104395604394
976,prod79,cust32,8144.313186813186
977,prod79,cust33,1823.9972527472528
978,prod79,cust34,25787.6510989011
979,prod79,cust35,20032.884615384617
980,prod79,cust36,24106.043956043955
981,prod79,cust37,113682.45879120879
982,prod79,cust38,24096.016483516483
983,prod79,cust39,33021.46978021978
984,prod79,cust4,22503.653846153844
985,prod79,cust40,86085.85164835163
986,prod79,cust41,66917.33516483515
987,prod79,cust42,335048.9423076923
988,prod79,cust43,226078.39285714284
989,prod79,cust44,207745.16483516482
990,prod79,cust45,212712.77472527474
991,prod79,cust46,271078.68131868134
992,prod79,cust47,113296.40109890107
993,prod79,cust48,40581.18131868132
994,prod79,cust49,8531.373626373628
995,prod79,cust5,886935.9615384616
996,prod79,cust6,143988.48901098903
997,prod79,cust7,170265.4807692308
998,prod79,cust8,1488663.5302197803
999,prod79,cust9,238050.19230769228
1000,prod81,cust0,1224472.7197802195
1001,prod81,cust1,164280.08241758242
1002,prod81,cust10,56723.40659340659
1003,prod81,cust11,251274.42307692303
1004,prod81,cust12,896912.2939560439
1005,prod81,cust13,48285.28846153846
1006,prod81,cust14,223871.3461538461
1007,prod81,cust15,394949.0521978023
1008,prod81,cust16,1179319.010989011
1009,prod81,cust17,1012908.0906593406
1010,prod81,cust18,44279.31318681319
1011,prod81,cust19,496621.60714285716
1012,prod81,cust2,556396.3736263736
1013,prod81,cust20,101105.0
1014,prod81,cust21,128102.96703296703
1015,prod81,cust22,290331.4285714286
1016,prod81,cust23,86886.04395604396
1017,prod81,cust24,467101.7307692308
1018,prod81,cust25,160421.51098901097
1019,prod81,cust26,78041.81318681319
1020,prod81,cust27,1137737.087912088
1021,prod81,cust28,25248.173076923078
1022,prod81,cust29,146879.40934065936
1023,prod81,cust3,992067.9945054943
1024,prod81,cust30,373497.28021978016
1025,prod81,cust31,25772.609890109892
1026,prod81,cust32,10927.93956043956
1027,prod81,cust33,2405.5906593406594
1028,prod81,cust34,34369.16208791209
1029,prod81,cust35,26544.725274725275
1030,prod81,cust36,31977.60989010989
1031,prod81,cust37,149881.63461538462
1032,prod81,cust38,31898.392857142855
1033,prod81,cust39,43405.92032967033
1034,prod81,cust4,30048.324175824175
1035,prod81,cust40,113673.43406593405
1036,prod81,cust41,88500.46703296702
1037,prod81,cust42,440983.1730769231
1038,prod81,cust43,297874.09340659337
1039,prod81,cust44,273897.4038461538
1040,prod81,cust45,280104.4093406594
1041,prod81,cust46,356723.3241758241
1042,prod81,cust47,149566.77197802198
1043,prod81,cust48,53407.321428571435
1044,prod81,cust49,11364.134615384613
1045,prod81,cust5,1167781.401098901
1046,prod81,cust6,189726.7994505495
1047,prod81,cust7,224727.69230769234
1048,prod81,cust8,1959469.4093406606
1049,prod81,cust9,313259.2445054946
1050,prod89,cust0,853807.1978021975
1051,prod89,cust1,114017.37637362638
1052,prod89,cust10,39452.08791208792
1053,prod89,cust11,174687.59615384619
1054,prod89,cust12,625079.5467032966
1055,prod89,cust13,33384.46428571428
1056,prod89,cust14,155575.23351648354
1057,prod89,cust15,274957.30769230775
1058,prod89,cust16,820984.2719780221
1059,prod89,cust17,706923.7774725275
1060,prod89,cust18,30622.898351648357
1061,prod89,cust19,346482.2664835165
1062,prod89,cust2,387591.8956043956
1063,prod89,cust20,70212.36263736263
1064,prod89,cust21,88958.7225274725
1065,prod89,cust22,201558.21428571426
1066,prod89,cust23,60359.368131868134
1067,prod89,cust24,324722.65109890106
1068,prod89,cust25,111563.65384615386
1069,prod89,cust26,53947.80219780219
1070,prod89,cust27,791834.4093406594
1071,prod89,cust28,17357.554945054944
1072,prod89,cust29,102102.73351648351
1073,prod89,cust3,689925.206043956
1074,prod89,cust30,260050.46703296702
1075,prod89,cust31,17838.87362637363
1076,prod89,cust32,7484.505494505494
1077,prod89,cust33,1667.5686813186812
1078,prod89,cust34,23702.93956043956
1079,prod89,cust35,18383.365384615383
1080,prod89,cust36,22074.478021978022
1081,prod89,cust37,104313.79120879121
1082,prod89,cust38,22150.686813186814
1083,prod89,cust39,30250.87912087912
1084,prod89,cust4,20549.29945054945
1085,prod89,cust40,78891.1401098901
1086,prod89,cust41,61438.32417582418
1087,prod89,cust42,307261.81318681315
1088,prod89,cust43,207430.30219780217
1089,prod89,cust44,190534.01098901097
1090,prod89,cust45,195058.4065934066
1091,prod89,cust46,248706.38736263738
1092,prod89,cust47,103794.36813186815
1093,prod89,cust48,37222.980769230766
1094,prod89,cust49,7839.478021978022
1095,prod89,cust5,813716.3598901099
1096,prod89,cust6,132067.82967032967
1097,prod89,cust7,156005.41208791206
1098,prod89,cust8,1365407.8434065934
1099,prod89,cust9,218265.98901098908
1100,prod91,cust0,4779257.857142856
1101,prod91,cust1,646485.1923076924
1102,prod91,cust10,224496.05769230772
1103,prod91,cust11,987257.815934066
1104,prod91,cust12,3501714.7390109883
1105,prod91,cust13,190479.86263736265
1106,prod91,cust14,880805.1648351647
1107,prod91,cust15,1546653.4065934066
1108,prod91,cust16,4617268.049450549
1109,prod91,cust17,3947094.9587912094
1110,prod91,cust18,174860.0686813187
1111,prod91,cust19,1935692.2664835164
1112,prod91,cust2,2174480.480769231
1113,prod91,cust20,398108.7087912088
1114,prod91,cust21,504079.03846153844
1115,prod91,cust22,1141128.379120879
1116,prod91,cust23,343203.282967033
1117,prod91,cust24,1834081.8818681315
1118,prod91,cust25,630385.0824175824
1119,prod91,cust26,309858.92857142864
1120,prod91,cust27,4456876.620879122
1121,prod91,cust28,101343.65384615384
1122,prod91,cust29,578405.6730769232
1123,prod91,cust3,3898939.024725274
1124,prod91,cust30,1461325.6318681324
1125,prod91,cust31,102204.01098901099
1126,prod91,cust32,44075.755494505494
1127,prod91,cust33,10058.557692307691
1128,prod91,cust34,136015.6456043956
1129,prod91,cust35,105578.2554945055
1130,prod91,cust36,127043.06318681317
1131,prod91,cust37,587584.8214285715
1132,prod91,cust38,126489.5467032967
1133,prod91,cust39,169728.00824175825
1134,prod91,cust4,121481.82692307691
1135,prod91,cust40,446715.87912087917
1136,prod91,cust41,349474.46428571426
1137,prod91,cust42,1723054.6978021977
1138,prod91,cust43,1166008.5439560437
1139,prod91,cust44,1076274.6978021977
1140,prod91,cust45,1095552.5137362636
1141,prod91,cust46,1391298.7774725277
1142,prod91,cust47,588887.39010989
1143,prod91,cust48,209494.95879120877
1144,prod91,cust49,45903.76373626373
1145,prod91,cust5,4563715.329670329
1146,prod91,cust6,743459.8763736264
1147,prod91,cust7,884693.8186813187
1148,prod91,cust8,7653206.68956044
1149,prod91,cust9,1228063.5576923077
1150,prod98,cust0,3191829.739010989
1151,prod98,cust1,430977.7609890109
1152,prod98,cust10,149503.59890109889
1153,prod98,cust11,658492.0879120879
1154,prod98,cust12,2338586.085164835
1155,prod98,cust13,127035.04120879123
1156,prod98,cust14,587265.9478021978
1157,prod98,cust15,1032238.0494505495
1158,prod98,cust16,3081978.7774725268
1159,prod98,cust17,2637001.662087912
1160,prod98,cust18,116462.07417582416
1161,prod98,cust19,1293037.568681319
1162,prod98,cust2,1452004.0934065932
1163,prod98,cust20,265333.9423076923
1164,prod98,cust21,336131.90934065933
1165,prod98,cust22,761210.5082417586
1166,prod98,cust23,228669.49175824178
1167,prod98,cust24,1223545.1785714284
1168,prod98,cust25,420599.3269230769
1169,prod98,cust26,206420.5357142857
1170,prod98,cust27,2974503.324175824
1171,prod98,cust28,67366.56593406593
1172,prod98,cust29,385711.7445054945
1173,prod98,cust3,2600485.618131868
1174,prod98,cust30,975354.2032967033
1175,prod98,cust31,68031.38736263737
1176,prod98,cust32,29234.0934065934
1177,prod98,cust33,6605.096153846153
1178,prod98,cust34,90547.07417582416
1179,prod98,cust35,70266.51098901097
1180,prod98,cust36,84575.71428571429
1181,prod98,cust37,392125.31593406596
1182,prod98,cust38,84169.60164835164
1183,prod98,cust39,113385.6456043956
1184,prod98,cust4,80517.59615384616
1185,prod98,cust40,297843.0082417582
1186,prod98,cust41,232950.21978021978
1187,prod98,cust42,1150510.0824175824
1188,prod98,cust43,778306.346153846
1189,prod98,cust44,717834.6703296705
1190,prod98,cust45,731461.0027472528
1191,prod98,cust46,929336.1263736264
1192,prod98,cust47,392562.51373626373
1193,prod98,cust48,139823.07692307694
1194,prod98,cust49,30462.45879120879
1195,prod98,cust5,3047405.0549450554
1196,prod98,cust6,496080.12362637365
1197,prod98,cust7,589915.2060439561
1198,prod98,cust8,5110265.728021977
1199,prod98,cust9,819440.0412087911
